def_count,id,l_pit,moments_x,moments_y,ratio,s_pit,wxh
43,547.jpg,0,248,288,1.2109375,1,178560
56,1139.jpg,0,182,396,2.2588996764,0,215682
8,53.jpg,5,523,570,0.8655967904,2,860411
41,1381.jpg,0,392,249,0.5263157895,3,351310
27,659.jpg,0,409,225,0.4666666667,6,306180
40,1459.jpg,0,624,288,0.474701012,3,560892
16,1028.jpg,4,452,306,0.6695869837,7,427465
79,252.jpg,0,575,261,0.408,0,516375
15,962.jpg,4,299,282,0.9150579151,4,245532
54,1263.jpg,0,116,215,2.2298850575,0,67512
37,1152.jpg,0,301,283,0.806763285,3,311121
32,1217.jpg,0,356,189,0.5666666667,0,204000
10,1000.jpg,3,299,269,0.8538899431,5,237150
44,1542.jpg,0,316,192,0.5914742451,2,187479
38,993.jpg,0,312,203,0.5102339181,1,238716
45,1338.jpg,0,899,108,0.095324833,0,258579
50,406.jpg,0,498,261,0.440645774,1,488592
25,1438.jpg,0,339,211,0.5890410959,0,200896
60,577.jpg,0,344,160,0.3801652893,0,200376
15,858.jpg,5,511,333,0.6670353982,4,545112
55,1150.jpg,0,135,271,2.3853658537,0,100245
9,568.jpg,4,625,622,0.7844463229,1,1097824
33,845.jpg,0,253,216,0.6734006734,4,237600
41,820.jpg,0,379,254,0.5511713933,3,362517
15,1391.jpg,4,577,644,0.8299559471,1,1069170
49,423.jpg,0,740,119,0.1466325661,0,201756
20,29.jpg,0,178,251,1.6599326599,8,146421
39,1233.jpg,0,424,156,0.3642213642,4,219891
64,1143.jpg,0,128,213,1.801980198,0,73528
54,310.jpg,0,315,168,0.4328358209,1,157383
61,1227.jpg,0,491,255,0.5436554133,2,401153
52,65.jpg,0,442,184,0.3461091754,0,256578
19,630.jpg,2,277,274,1.1041214751,6,234649
62,135.jpg,0,197,342,2.1016949153,2,182900
22,87.jpg,0,106,169,1.8831168831,0,44660
35,1335.jpg,0,251,216,0.7844311377,3,196893
33,1294.jpg,0,95,234,3.1832061069,0,54627
13,593.jpg,6,627,487,0.7678571429,3,1061928
65,224.jpg,0,313,203,0.6672862454,1,193142
12,167.jpg,3,351,416,1.0245901639,4,381250
20,333.jpg,5,584,298,0.5383828045,6,513902
43,139.jpg,0,418,203,0.4519480519,4,267960
38,674.jpg,0,189,353,2.0283911672,0,203831
42,264.jpg,0,267,260,0.9153543307,2,236220
10,1331.jpg,4,445,420,0.8672922252,3,482662
23,245.jpg,0,190,238,1.5251572327,9,154230
54,1214.jpg,0,345,113,0.2820512821,0,109824
20,901.jpg,0,442,176,0.3634085213,9,231420
34,84.jpg,0,193,378,2.1760797342,0,197155
16,974.jpg,6,453,318,0.7117852975,2,522770
34,1549.jpg,0,97,161,2.0291970803,0,38086
38,942.jpg,0,248,223,0.8142857143,3,195510
25,1536.jpg,0,334,202,0.6926994907,5,240312
30,1047.jpg,0,346,179,0.4838709677,1,205065
18,1473.jpg,0,136,175,1.2882882883,2,63492
12,11.jpg,7,464,404,0.8105381166,3,644916
46,1240.jpg,0,173,379,2.2271186441,0,193815
50,711.jpg,1,487,438,0.7960784314,6,828240
23,894.jpg,0,433,215,0.4419161677,5,308115
11,164.jpg,4,279,280,0.9072978304,5,233220
30,783.jpg,0,230,273,1.3842105263,2,199880
5,362.jpg,4,393,372,0.8019257221,0,423841
36,835.jpg,0,176,400,2.3817567568,1,208680
35,926.jpg,0,544,247,0.4569672131,16,435296
50,359.jpg,0,474,261,0.4984552008,3,469964
48,918.jpg,0,429,182,0.4044389642,4,266008
24,698.jpg,2,367,415,1.0122887865,7,429009
38,504.jpg,0,415,227,0.4628378378,2,364968
40,462.jpg,0,321,191,0.6306913997,3,221782
30,413.jpg,0,318,207,0.7196581197,3,246285
36,232.jpg,1,253,272,0.9363057325,3,207711
32,1295.jpg,0,194,359,2.0653594771,2,193392
28,1441.jpg,3,312,214,0.5472560976,7,235504
23,1084.jpg,0,360,193,0.475975976,7,211122
45,655.jpg,0,165,284,1.9503546099,0,155100
40,61.jpg,0,320,199,0.5972222222,3,198144
38,304.jpg,0,324,287,0.7672672673,2,340326
16,1372.jpg,4,291,335,1.201980198,5,306535
43,1014.jpg,0,317,186,0.4689440994,0,194488
13,1370.jpg,6,284,302,0.875739645,1,225108
30,1468.jpg,0,445,259,0.537037037,5,400896
30,1033.jpg,0,229,294,1.2630208333,4,186240
28,1158.jpg,2,378,417,0.9910313901,4,443547
50,899.jpg,0,206,321,1.7431192661,1,186390
34,919.jpg,0,191,405,2.2119205298,0,201736
9,385.jpg,4,372,332,0.8918083462,4,373319
36,138.jpg,0,258,161,0.4415357766,1,144969
65,60.jpg,0,293,198,0.6837121212,1,190608
9,417.jpg,3,423,493,0.932853717,2,648852
44,450.jpg,0,327,174,0.4416796267,1,182612
33,985.jpg,0,247,310,1.2245862884,4,219114
49,300.jpg,0,302,190,0.5367047308,0,201677
28,46.jpg,0,241,294,1.3053435115,5,201609
21,1502.jpg,1,416,195,0.4143222506,6,253368
24,243.jpg,0,194,299,1.6697247706,0,178542
39,1176.jpg,0,212,297,1.566572238,1,195209
12,818.jpg,6,361,502,1.3154761905,4,594048
37,357.jpg,0,186,208,1.2071197411,0,115257
55,614.jpg,0,314,189,0.59375,1,196992
30,3.jpg,0,398,235,0.6118210863,4,239758
52,103.jpg,0,393,139,0.2946927374,0,151076
46,341.jpg,0,407,264,0.4967320261,3,418608
11,1060.jpg,4,571,611,0.859344894,1,925896
32,596.jpg,0,367,155,0.3698224852,0,169000
44,430.jpg,2,513,496,0.9148073022,3,889372
21,237.jpg,0,253,290,1.1727272727,3,227040
30,288.jpg,1,278,186,0.7454545455,4,144320
46,18.jpg,0,350,237,0.5431266846,3,299026
26,1485.jpg,0,354,168,0.4190031153,4,172698
19,478.jpg,0,202,347,1.7976878613,2,215212
58,875.jpg,0,133,259,2.2238095238,0,98070
20,1501.jpg,0,368,196,0.5264797508,1,216996
41,1332.jpg,0,435,184,0.3777506112,2,252762
37,374.jpg,0,186,221,1.2151898734,1,121344
56,588.jpg,0,371,155,0.411589896,0,186421
20,303.jpg,0,199,255,1.4732142857,9,166320
11,1446.jpg,3,471,531,0.8446808511,2,746360
58,1046.jpg,0,399,153,0.3417721519,0,172773
25,947.jpg,0,235,290,1.156097561,1,194340
49,1121.jpg,0,331,127,0.3173553719,0,116160
20,1259.jpg,1,392,193,0.4676258993,4,225875
57,1061.jpg,0,396,181,0.388121547,1,203444
44,716.jpg,0,340,332,0.8224043716,3,440664
40,269.jpg,0,358,185,0.4479315264,0,220114
29,287.jpg,0,356,184,0.53784219,0,207414
37,12.jpg,0,666,258,0.3855024712,16,568152
37,169.jpg,0,322,189,0.5491803279,1,204350
38,1069.jpg,0,290,215,0.6041666667,3,235248
41,520.jpg,0,364,223,0.5169606513,0,280797
61,375.jpg,0,472,183,0.3277027027,1,258408
22,1114.jpg,0,381,164,0.3891156463,0,210210
8,965.jpg,3,468,453,0.7765726681,4,660152
27,397.jpg,0,238,306,1.2750582751,6,234663
48,747.jpg,0,412,238,0.4799081515,2,364078
26,134.jpg,0,326,187,0.5015151515,3,218460
33,648.jpg,0,464,270,0.5337763012,7,435246
24,32.jpg,0,412,160,0.3355006502,0,198402
35,1142.jpg,0,305,174,0.5507745267,0,185920
51,1385.jpg,0,123,205,1.8743455497,0,68378
23,1027.jpg,0,118,158,1.5824175824,0,52416
60,627.jpg,0,257,189,0.5817120623,1,153686
46,756.jpg,0,367,217,0.512890095,2,278586
45,714.jpg,0,216,293,1.3181818182,0,184382
49,1484.jpg,0,496,140,0.2384701912,0,188468
32,1524.jpg,0,323,381,1.0528846154,3,409968
40,884.jpg,0,365,176,0.4558139535,5,189630
48,255.jpg,0,498,152,0.2598152425,0,194850
51,787.jpg,0,183,335,2.0192307692,0,196560
22,1299.jpg,0,140,237,1.9350649351,7,103257
31,1053.jpg,0,273,191,0.6466942149,0,151492
75,809.jpg,0,542,317,0.6158798283,2,534968
72,360.jpg,0,342,202,0.6547406082,2,204594
26,1340.jpg,0,481,229,0.4578177728,6,361823
36,416.jpg,0,303,267,0.7791798107,4,313196
31,1302.jpg,0,337,194,0.4749262537,1,218316
64,707.jpg,0,558,204,0.3691830403,0,345219
33,16.jpg,1,245,265,0.9731543624,2,194445
26,1322.jpg,0,454,203,0.3972445465,4,301366
29,34.jpg,0,418,254,0.5120551091,2,388466
30,250.jpg,0,372,184,0.421418637,5,217857
59,77.jpg,0,814,111,0.1130790191,0,243688
41,584.jpg,0,225,228,0.9409090909,2,182160
43,1095.jpg,0,172,412,2.6597222222,0,220608
33,755.jpg,0,284,190,0.6236162362,0,183196
53,730.jpg,0,547,221,0.4103343465,2,399735
12,1467.jpg,4,396,357,0.7228915663,3,403380
33,1565.jpg,0,369,209,0.4503401361,11,243285
24,652.jpg,1,405,466,1.0065445026,4,587516
26,634.jpg,0,239,323,1.2400932401,5,228228
13,1109.jpg,4,398,458,1.0054794521,3,535820
46,796.jpg,0,533,138,0.232936078,0,198445
45,1118.jpg,0,289,385,1.3853564547,7,373161
51,1475.jpg,0,510,129,0.213592233,0,183546
24,1038.jpg,6,549,331,0.6414686825,2,550044
46,1388.jpg,1,535,216,0.4327122153,2,403788
25,1073.jpg,0,506,131,0.224975223,0,229043
39,45.jpg,0,410,245,0.6125356125,1,301860
41,115.jpg,0,277,195,0.6923076923,2,187200
37,931.jpg,0,84,212,3.6697247706,0,43600
11,355.jpg,5,445,382,0.8366863905,4,597415
57,113.jpg,0,356,187,0.3997289973,0,217710
46,463.jpg,0,306,172,0.5045045045,0,155400
35,1188.jpg,0,292,283,0.8180327869,3,304390
13,1531.jpg,5,496,425,0.8563474388,6,690562
27,1220.jpg,0,409,185,0.4052287582,7,237150
28,1237.jpg,0,379,178,0.4114365411,0,211515
53,458.jpg,0,381,165,0.3758865248,0,186825
32,1540.jpg,0,264,204,0.6336134454,3,224315
36,1568.jpg,0,461,169,0.3553719008,3,254947
38,656.jpg,0,270,218,0.6975524476,3,228228
25,1243.jpg,2,376,448,0.9944134078,6,509792
41,1363.jpg,0,324,177,0.4017094017,1,197964
46,1333.jpg,0,202,290,1.4450549451,0,191464
56,273.jpg,0,274,202,0.6892655367,0,194346
45,1244.jpg,0,346,141,0.3946037099,0,138762
56,1103.jpg,0,500,139,0.2261251372,0,187666
34,944.jpg,0,438,182,0.3621346887,3,224295
30,500.jpg,0,320,199,0.6709090909,1,202950
44,550.jpg,0,417,370,0.7472766885,8,629748
50,1282.jpg,0,503,189,0.3540510544,0,287419
34,492.jpg,0,506,199,0.4050493963,2,336159
22,1545.jpg,0,253,293,1.2054176072,4,236562
28,1051.jpg,0,544,215,0.376899696,7,367164
52,1491.jpg,0,134,281,2.5094339623,0,112784
48,1254.jpg,0,389,344,0.7755344418,2,549826
52,1092.jpg,0,490,155,0.275862069,1,208800
20,1415.jpg,0,395,167,0.3582278481,1,223570
18,257.jpg,0,304,182,0.5271565495,0,206580
57,271.jpg,0,307,180,0.472361809,1,168354
23,69.jpg,0,89,121,1.624,0,25375
44,1023.jpg,0,371,125,0.2823871907,0,133278
61,1078.jpg,0,463,147,0.2517564403,0,183610
38,1395.jpg,0,211,303,1.6206896552,0,196272
37,633.jpg,0,102,177,2.8584070796,0,36499
36,1377.jpg,0,242,207,0.6473594549,2,223060
23,278.jpg,0,383,150,0.3624161074,0,201150
39,177.jpg,0,345,384,1.0206349206,4,405090
29,1523.jpg,4,447,269,0.6114732725,4,359723
72,1380.jpg,0,530,218,0.4,0,380250
47,964.jpg,0,346,200,0.5276923077,0,222950
44,127.jpg,0,487,145,0.2377701934,0,183711
46,1490.jpg,0,344,169,0.4886561955,2,160440
23,415.jpg,0,128,183,1.3933649289,1,62034
30,380.jpg,0,490,159,0.2957906712,0,228540
22,1396.jpg,0,435,255,0.5200892857,2,417536
53,1113.jpg,0,502,130,0.2163043478,0,183080
55,904.jpg,0,314,211,0.5469522241,1,201524
34,372.jpg,0,467,243,0.4539813857,3,424513
35,1245.jpg,2,371,448,1.1059190031,4,455820
27,6.jpg,0,390,169,0.3997233748,1,208947
40,952.jpg,0,349,190,0.4794117647,0,221680
49,857.jpg,0,194,317,1.7951070336,1,191949
22,866.jpg,0,435,164,0.3583441138,0,214121
31,715.jpg,0,359,195,0.5268138801,3,211756
52,200.jpg,0,409,206,0.4519480519,1,267960
54,795.jpg,0,138,260,2.2325581395,0,103200
46,681.jpg,0,301,114,0.3202247191,0,91314
42,1177.jpg,0,447,272,0.5297239915,3,470058
18,1369.jpg,0,247,291,1.1876430206,2,226803
29,1454.jpg,0,430,207,0.408847185,4,227530
36,1519.jpg,0,222,165,0.7104557641,4,98845
41,1174.jpg,0,360,423,1.0829562594,4,476034
10,1500.jpg,4,585,358,0.6432748538,3,677160
22,514.jpg,0,340,140,0.369205298,2,134692
66,363.jpg,0,421,251,0.5568475452,2,333594
41,1179.jpg,0,431,174,0.3551282051,1,216060
42,1290.jpg,0,109,228,2.5962732919,0,67298
30,369.jpg,0,319,182,0.5159235669,0,203472
50,814.jpg,0,455,183,0.3450704225,0,250488
47,1032.jpg,0,95,224,3.6347826087,0,48070
12,446.jpg,7,572,511,0.8515283843,4,1116375
48,1469.jpg,0,476,150,0.2440944882,0,192913
50,1583.jpg,0,760,107,0.135954136,0,202686
64,1573.jpg,0,147,267,2.4027777778,0,112104
12,1007.jpg,4,377,294,0.769874477,3,395784
31,1309.jpg,1,316,198,0.6989619377,2,233512
65,708.jpg,0,337,171,0.4281567489,0,203255
57,195.jpg,0,343,194,0.5658783784,2,198320
11,68.jpg,4,321,300,0.8493870403,5,276935
33,1168.jpg,0,430,208,0.4050802139,3,226644
56,639.jpg,0,139,215,1.6880733945,0,80224
48,258.jpg,0,331,225,0.6411960133,0,232372
40,1339.jpg,0,322,141,0.4262589928,1,131772
33,308.jpg,0,281,279,0.8620689655,2,290000
33,238.jpg,2,359,396,0.9464544139,4,451914
6,915.jpg,5,394,357,0.748308525,0,408667
29,1566.jpg,0,199,237,1.2521489971,2,152513
16,1197.jpg,4,579,576,0.7587443946,1,943290
68,1111.jpg,0,534,293,0.5436793422,1,514717
36,609.jpg,0,328,172,0.4474097331,0,181545
41,778.jpg,0,422,132,0.2798948752,0,162093
60,71.jpg,0,274,204,0.6728280961,0,196924
35,401.jpg,0,353,193,0.5340729002,4,212647
22,1210.jpg,1,311,218,0.5810810811,7,257742
32,179.jpg,0,352,143,0.3828756058,0,146703
40,922.jpg,0,88,244,3.674796748,0,55596
5,578.jpg,4,396,377,0.7290575916,0,425548
23,91.jpg,0,487,241,0.4914481186,12,377987
53,1488.jpg,0,722,113,0.1272871917,1,201120
54,571.jpg,0,118,217,2.2542372881,0,70623
47,315.jpg,0,188,331,2.1353135314,2,196041
25,524.jpg,0,414,188,0.4023285899,10,240403
35,833.jpg,0,239,279,1.0720930233,6,198230
9,1019.jpg,3,288,275,0.8718446602,5,231235
28,1556.jpg,0,242,187,0.6720183486,4,127748
33,234.jpg,0,305,488,1.5561497326,9,489753
58,1580.jpg,0,134,256,2.1474654378,0,101122
51,132.jpg,0,511,138,0.2373068433,0,194790
10,1318.jpg,5,479,501,0.9069518717,0,792880
31,912.jpg,6,579,324,0.5758176412,3,586229
13,1248.jpg,7,517,392,0.717,4,717000
29,7.jpg,0,357,181,0.4436519258,4,218011
26,1241.jpg,2,317,412,1.0660377358,3,431208
55,1256.jpg,0,492,262,0.4812889813,1,445406
30,1185.jpg,0,370,199,0.56726094,2,215950
39,402.jpg,0,303,201,0.5704467354,0,193224
27,193.jpg,0,255,187,0.7146226415,4,128472
12,686.jpg,5,428,570,1.2525380711,2,777756
26,282.jpg,0,248,316,1.1941309255,6,234347
44,1160.jpg,0,208,291,1.5082872928,1,197652
44,229.jpg,0,303,179,0.4752321981,2,198322
28,1234.jpg,0,168,226,1.724137931,9,117450
33,1492.jpg,0,415,186,0.4112149533,4,230692
41,937.jpg,0,248,106,0.345814978,0,71278
44,507.jpg,0,445,149,0.3350125945,1,211204
37,690.jpg,0,238,285,1.1722365039,0,177384
14,533.jpg,6,551,446,0.7465034965,3,976976
54,1352.jpg,0,400,143,0.3347578348,0,164970
25,663.jpg,0,346,200,0.6087689713,0,214073
28,1296.jpg,1,581,255,0.4288354898,14,502048
42,343.jpg,0,89,244,3.6484375,0,59776
36,933.jpg,0,305,226,0.6371100164,3,236292
10,1215.jpg,4,375,492,1.2700296736,2,576944
33,1156.jpg,0,210,386,1.8651026393,1,216876
10,546.jpg,5,316,279,0.8533950617,3,358344
37,902.jpg,0,240,215,0.6737213404,4,216594
35,1202.jpg,0,352,209,0.6147672552,1,238609
59,666.jpg,0,142,290,2.4234234234,0,119436
12,734.jpg,6,641,430,0.7077051926,4,1008930
28,22.jpg,0,103,157,1.8344827586,0,38570
58,497.jpg,0,511,203,0.384787472,0,307536
41,545.jpg,0,122,263,2.4947368421,0,90060
50,173.jpg,0,439,145,0.2791519435,1,201213
31,1510.jpg,0,185,212,1.1803797468,1,117868
46,654.jpg,0,176,290,1.8514851485,2,169983
63,683.jpg,0,314,191,0.4857142857,2,192780
11,322.jpg,4,496,449,0.7664233577,6,704865
32,67.jpg,0,435,173,0.3419689119,4,203808
53,757.jpg,0,306,194,0.5616666667,1,202200
13,1212.jpg,3,315,317,1.0694183865,6,303810
51,1293.jpg,0,398,179,0.4008498584,0,199798
21,863.jpg,0,478,213,0.3744813278,5,348004
8,1262.jpg,3,346,394,0.9866270431,3,446872
37,1567.jpg,0,435,181,0.3782051282,0,230100
50,1483.jpg,0,352,164,0.3736979167,0,220416
34,853.jpg,0,374,498,1.1630591631,3,558558
25,589.jpg,4,499,469,0.7253521127,2,716674
51,761.jpg,0,632,223,0.3153594771,0,472464
34,425.jpg,0,656,256,0.376910017,13,523032
47,760.jpg,0,396,143,0.3450608931,1,188445
41,116.jpg,0,299,211,0.7203703704,3,210060
57,1242.jpg,0,293,446,1.4354527938,2,386655
24,121.jpg,0,152,204,1.3593073593,1,72534
44,869.jpg,0,154,332,2.2913385827,0,147828
10,936.jpg,5,505,362,0.725308642,2,685260
33,1462.jpg,0,673,258,0.3901234568,11,575910
18,1224.jpg,0,245,300,1.2307692308,2,226512
18,1530.jpg,2,331,298,0.8746223565,4,383298
47,626.jpg,0,291,127,0.4112903226,0,101184
12,1379.jpg,5,551,474,0.8153988868,4,947562
23,1170.jpg,7,563,372,0.6425661914,1,619642
30,1029.jpg,0,342,195,0.6074450085,1,212169
30,791.jpg,0,240,177,0.7080291971,4,119601
37,1079.jpg,0,414,246,0.5938803894,1,307013
36,746.jpg,0,402,247,0.5093676815,3,371490
40,934.jpg,0,408,153,0.3883626522,5,212093
35,133.jpg,0,208,310,1.6666666667,0,198375
44,5.jpg,0,231,231,0.90969163,3,187502
50,1098.jpg,0,476,141,0.2485549133,0,185975
51,141.jpg,0,418,130,0.2740447958,0,157872
51,274.jpg,0,406,162,0.3403141361,0,198640
35,917.jpg,0,397,176,0.4314002829,3,215635
28,805.jpg,0,271,190,0.6230366492,1,204561
30,247.jpg,0,335,196,0.531881804,0,219906
38,1436.jpg,0,323,192,0.6171328671,6,201916
27,272.jpg,0,329,442,1.1256038647,4,434079
47,1199.jpg,0,299,112,0.3152173913,0,96048
31,1107.jpg,0,436,156,0.3623559539,7,221023
8,1432.jpg,5,512,439,0.7524663677,2,935485
37,798.jpg,0,228,278,1.4171122995,2,198220
37,15.jpg,0,524,133,0.2009661836,1,215280
29,1541.jpg,2,324,219,0.6117824773,9,268110
48,1328.jpg,0,294,114,0.3152985075,0,90584
39,1430.jpg,0,241,205,0.6778169014,2,218680
63,1394.jpg,0,340,186,0.4310099573,1,213009
62,152.jpg,0,296,186,0.5555555556,0,178605
20,903.jpg,0,377,224,0.5523520486,0,239876
33,1102.jpg,0,339,391,1.0734094617,4,403354
30,776.jpg,2,300,219,0.6161290323,10,236840
57,911.jpg,0,139,280,2.3866666667,0,120825
68,552.jpg,0,298,208,0.7203065134,2,196272
28,154.jpg,0,363,187,0.5932773109,1,210035
29,999.jpg,0,444,265,0.4806282723,11,438345
34,995.jpg,3,298,205,0.568852459,7,211670
38,261.jpg,0,276,269,0.8093645485,4,289432
57,231.jpg,0,139,211,1.8571428571,0,81900
27,472.jpg,0,528,136,0.1884720952,1,225158
22,1563.jpg,0,179,237,1.5655172414,7,131660
34,1081.jpg,0,356,197,0.5716612378,6,215514
25,1283.jpg,4,410,209,0.4642392718,4,274533
18,324.jpg,5,254,270,0.8638392857,3,173376
24,807.jpg,0,218,187,0.7423469388,4,114072
38,1173.jpg,0,340,310,0.8300561798,4,420792
18,1375.jpg,0,312,145,0.381294964,3,117872
37,466.jpg,0,364,372,0.8385876419,4,527345
52,1110.jpg,0,102,272,3.3851351351,0,74148
35,1329.jpg,0,341,148,0.4184397163,1,133104
40,1089.jpg,5,427,297,0.6700767263,4,409768
37,1498.jpg,0,116,162,1.7228915663,0,47476
42,197.jpg,0,182,356,2.1009771987,0,198015
21,145.jpg,0,494,221,0.369739479,4,368262
60,872.jpg,0,324,171,0.4308588064,0,203352
15,834.jpg,4,497,530,0.8786516854,2,695980
46,1466.jpg,0,505,196,0.3597938144,0,338530
42,309.jpg,0,95,226,3.275,0,47160
38,1482.jpg,0,336,383,1.0952380952,4,406203
20,339.jpg,0,131,178,1.4489795918,0,55664
69,821.jpg,0,415,185,0.3703190014,1,192507
36,959.jpg,0,322,351,1.0415282392,3,377454
35,1516.jpg,0,199,306,1.8852941176,3,217940
51,208.jpg,0,325,123,0.3122923588,0,113176
46,488.jpg,0,423,281,0.5053533191,3,440848
43,320.jpg,0,371,102,0.1989596879,0,117657
49,684.jpg,0,101,303,3.6845637584,0,81801
38,1271.jpg,0,394,210,0.4848883049,1,280809
55,673.jpg,0,326,240,0.64017991,0,284809
35,739.jpg,0,382,200,0.4474820144,4,216145
9,219.jpg,4,539,488,0.7268244576,2,747318
51,62.jpg,0,435,180,0.328320802,1,209076
26,156.jpg,0,366,246,0.6318051576,4,307818
39,1059.jpg,0,234,212,0.8012552301,3,183074
80,214.jpg,0,464,279,0.583429229,1,440583
39,1159.jpg,0,246,266,1.0760095012,4,190713
19,1376.jpg,6,590,498,0.7621225984,3,910469
51,1552.jpg,0,540,195,0.343189018,1,307775
77,597.jpg,0,494,227,0.4246724891,1,356324
10,802.jpg,3,426,452,0.8992346939,3,552720
33,670.jpg,0,243,260,0.9553571429,4,191744
49,168.jpg,0,455,178,0.3170426065,0,201894
11,900.jpg,6,499,357,0.6920600858,4,601140
43,1050.jpg,0,779,111,0.1143674053,0,223840
14,1453.jpg,4,254,271,0.8622222222,3,174600
47,486.jpg,0,497,138,0.225736096,0,189819
46,332.jpg,0,396,172,0.3898305085,4,195408
67,556.jpg,0,335,185,0.5362563238,1,188574
57,839.jpg,0,283,408,1.3585271318,2,361716
48,543.jpg,0,125,267,2.5729166667,0,94848
32,107.jpg,0,304,382,1.1258992806,4,348056
32,482.jpg,0,236,286,1.1186868687,1,175428
30,364.jpg,0,306,394,1.1372912801,4,330407
83,432.jpg,0,229,224,0.9366197183,1,169974
51,1068.jpg,0,135,213,1.823255814,0,84280
55,619.jpg,0,341,177,0.4213483146,0,213600
31,28.jpg,0,354,439,1.1137440758,4,446265
21,155.jpg,0,350,205,0.5642276423,0,213405
32,1064.jpg,0,615,208,0.3333333333,8,442368
26,298.jpg,5,533,282,0.5384615385,4,433251
52,662.jpg,0,450,219,0.4354285714,1,333375
18,1393.jpg,0,135,198,1.6097560976,2,67650
20,862.jpg,0,341,196,0.5353846154,1,226200
62,326.jpg,0,384,159,0.3774928775,0,186030
49,590.jpg,0,336,209,0.5443886097,0,194025
58,57.jpg,0,98,269,3.5179856115,0,67971
42,1267.jpg,0,213,284,1.5027777778,1,194760
30,1196.jpg,0,303,187,0.502276176,3,218129
13,680.jpg,5,486,373,0.7483940043,2,652866
53,837.jpg,0,344,194,0.5030395137,0,217798
31,847.jpg,0,548,132,0.2164383562,1,259515
36,473.jpg,0,423,175,0.3574097136,3,230461
48,351.jpg,0,193,314,1.9233226837,2,188426
54,289.jpg,1,461,174,0.3047619048,0,272160
32,1349.jpg,0,329,191,0.5618374558,0,179988
72,1386.jpg,0,319,196,0.650273224,2,195993
21,600.jpg,0,398,204,0.5102040816,0,240100
31,1140.jpg,0,306,197,0.5826377295,2,209051
31,59.jpg,0,325,128,0.3992606285,2,116856
26,828.jpg,0,311,149,0.4154929577,2,134048
51,838.jpg,0,172,356,2.3104693141,0,177280
37,82.jpg,0,175,287,1.9081632653,0,164934
40,1246.jpg,0,172,274,2.0107913669,0,155402
38,1274.jpg,0,258,396,1.632034632,2,348348
33,1247.jpg,0,377,193,0.5232744783,5,203098
56,1304.jpg,0,360,164,0.4108527132,0,170925
28,887.jpg,0,519,212,0.3388349515,6,359470
50,1360.jpg,0,134,214,1.9306930693,0,78780
38,1138.jpg,0,324,172,0.5099457505,6,155946
38,418.jpg,0,368,443,1.1081081081,3,547637
36,604.jpg,0,460,158,0.2966101695,0,202370
46,1351.jpg,0,361,215,0.5423976608,3,253764
40,535.jpg,0,288,161,0.4210526316,0,165528
30,521.jpg,0,167,273,1.7909407666,10,147518
57,1463.jpg,0,149,221,1.6578947368,0,86184
40,867.jpg,0,194,306,1.7041420118,0,194688
35,1.jpg,1,267,254,0.8757763975,4,204309
52,198.jpg,0,256,354,1.4617117117,2,288156
38,1544.jpg,0,228,230,0.8949671772,3,186913
28,963.jpg,0,352,192,0.520661157,0,190575
62,560.jpg,0,451,154,0.3155844156,1,187110
8,1024.jpg,3,408,465,0.9959731544,4,552790
28,143.jpg,0,497,168,0.2977983778,0,221791
40,361.jpg,0,213,386,2.1396011396,1,263601
16,1133.jpg,5,237,248,0.858190709,3,143559
34,254.jpg,0,181,312,2.1428571429,3,185220
58,972.jpg,0,314,187,0.5015673981,2,204160
58,1494.jpg,0,143,266,2.2045454545,0,106700
25,738.jpg,0,332,201,0.4759124088,2,223310
10,775.jpg,4,315,280,0.8571428571,5,268800
36,1258.jpg,0,235,350,1.4976525822,2,271788
12,1423.jpg,5,373,340,0.8083916084,4,413270
60,923.jpg,0,403,175,0.3865546218,0,197064
8,354.jpg,5,515,560,0.8964803313,2,836556
36,1058.jpg,2,366,451,1.0760233918,3,503424
28,725.jpg,0,450,179,0.3501849568,7,230324
30,1130.jpg,0,388,205,0.5509259259,5,231336
16,94.jpg,4,240,296,0.8920086393,2,191219
15,9.jpg,4,300,292,0.8277680141,5,267999
5,956.jpg,4,400,386,0.8112947658,0,427614
33,892.jpg,0,225,201,0.6817102138,2,120827
71,1570.jpg,0,301,186,0.5429553265,1,183912
17,561.jpg,0,260,281,1.1327433628,3,231424
49,474.jpg,0,324,199,0.5438311688,0,206360
35,1581.jpg,0,319,200,0.7052238806,0,202608
53,749.jpg,0,464,217,0.4536702768,1,313287
54,301.jpg,0,351,201,0.5693069307,1,209070
72,551.jpg,0,237,211,0.8683602771,1,162808
65,745.jpg,0,493,261,0.4983783784,2,426425
53,508.jpg,0,209,290,1.4971264368,2,181308
24,1305.jpg,0,191,242,1.5424836601,8,144432
8,613.jpg,3,460,504,0.9436133487,2,712580
30,885.jpg,0,176,265,1.6634304207,8,158826
39,752.jpg,0,366,166,0.3275167785,0,181780
35,852.jpg,0,409,203,0.4493580599,7,220815
11,691.jpg,5,475,591,1.0819490587,4,882231
48,1100.jpg,0,310,184,0.5142348754,3,162418
8,1093.jpg,3,408,451,0.923566879,3,569125
12,563.jpg,6,465,422,0.8747228381,4,711678
23,456.jpg,0,487,191,0.3447559709,2,319716
38,1269.jpg,0,218,270,1.3887399464,1,193214
39,1558.jpg,0,220,279,1.3492063492,0,192780
24,485.jpg,1,703,309,0.3311874106,3,647274
5,123.jpg,4,416,363,0.7674113009,0,444424
23,1213.jpg,0,145,182,1.2016806723,2,68068
12,967.jpg,7,528,449,0.8059701493,3,814050
69,217.jpg,0,338,215,0.5270655271,1,259740
34,1057.jpg,0,276,232,0.7067137809,2,226400
24,576.jpg,4,314,309,0.8573643411,3,356685
34,1087.jpg,0,477,232,0.4829612221,11,349761
31,119.jpg,0,442,147,0.3021582734,1,210168
48,2.jpg,0,341,119,0.3042763158,0,112480
33,104.jpg,1,299,213,0.7816513761,2,232170
11,779.jpg,5,483,391,0.7297581493,2,659994
29,1105.jpg,0,682,280,0.396389325,10,643370
45,221.jpg,0,459,417,0.7752475248,6,790830
61,453.jpg,0,130,235,2.2686567164,0,91656
34,883.jpg,0,211,332,1.5407608696,4,208656
59,1535.jpg,0,502,230,0.3816717019,0,376347
22,408.jpg,3,371,349,0.7647887324,2,385530
21,511.jpg,4,503,421,0.6981132075,5,635364
56,1326.jpg,0,112,254,2.6206896552,0,79344
35,280.jpg,0,412,179,0.4591549296,5,231460
31,275.jpg,0,394,223,0.5796178344,4,228592
15,1008.jpg,2,333,286,0.8421052632,4,372400
44,1222.jpg,0,236,295,1.2553763441,0,173724
39,822.jpg,0,126,214,2.041025641,1,77610
41,544.jpg,2,261,236,0.7453416149,2,173880
38,1270.jpg,1,254,296,1.0352422907,3,213380
52,412.jpg,0,752,103,0.1164021164,0,203742
65,939.jpg,0,369,223,0.5275908479,3,291256
49,1458.jpg,0,328,148,0.4022257552,1,159137
22,292.jpg,0,127,164,1.3402061856,1,50440
48,483.jpg,0,275,117,0.3626834382,0,82521
35,951.jpg,0,233,282,1.2117346939,4,186200
30,1319.jpg,0,321,195,0.6799307958,4,227154
36,70.jpg,1,649,223,0.3438566553,3,472316
31,1361.jpg,0,417,248,0.5089179548,4,359948
48,898.jpg,0,198,315,1.8055555556,2,189540
30,323.jpg,5,300,260,0.7009063444,5,307168
27,108.jpg,0,235,303,1.3804347826,1,186944
31,448.jpg,0,243,224,0.8162839248,4,187289
7,476.jpg,4,361,381,0.8314447592,1,414422
21,621.jpg,0,145,210,1.4672489083,2,76944
30,801.jpg,0,366,202,0.6048387097,6,232500
28,1507.jpg,27,344,176,0.435971223,0,210585
50,215.jpg,0,182,339,2.1883561644,1,186588
47,1553.jpg,0,269,433,1.5,2,351384
39,871.jpg,0,170,329,2.1853146853,1,178750
76,811.jpg,0,461,212,0.4172494172,0,307164
25,759.jpg,0,322,219,0.6418685121,7,214438
52,1091.jpg,0,141,213,1.8333333333,0,80850
57,283.jpg,0,385,183,0.3698630137,0,197100
11,438.jpg,4,522,327,0.6683366733,4,665666
41,431.jpg,0,379,115,0.2521489971,0,122848
20,218.jpg,3,246,329,1.4420289855,6,247158
10,160.jpg,3,296,272,0.8587570621,5,242136
49,74.jpg,0,384,125,0.2477183833,1,145730
52,1307.jpg,0,507,203,0.3732317737,0,315217
23,1548.jpg,0,330,129,0.356302521,3,126140
54,1280.jpg,0,759,99,0.1075667656,0,195460
33,646.jpg,0,175,208,1.2093023256,0,109564
59,1194.jpg,0,560,211,0.3635458167,0,366460
20,204.jpg,0,189,282,1.50625,3,154240
43,35.jpg,0,131,252,2.2315270936,0,91959
26,1083.jpg,0,106,160,1.7583892617,0,39038
27,1149.jpg,0,468,181,0.3511543135,6,237847
23,36.jpg,0,354,182,0.4878419453,0,211218
23,1003.jpg,4,298,364,1.0295748614,3,301337
54,1561.jpg,0,430,157,0.3168316832,0,206848
34,607.jpg,0,280,204,0.5640625,3,231040
25,223.jpg,2,277,345,1.173553719,4,274912
32,704.jpg,0,505,149,0.25250501,0,251496
38,1289.jpg,0,331,196,0.5660377358,0,192390
24,846.jpg,0,359,187,0.4938271605,4,207360
78,744.jpg,0,227,228,0.96882494,1,168468
51,291.jpg,0,202,412,2.2,0,246895
17,615.jpg,0,137,175,1.3594470046,2,64015
58,792.jpg,0,132,232,2.1237623762,0,86658
27,808.jpg,0,169,226,1.6029962547,7,114276
34,207.jpg,0,290,178,0.5378927911,0,157431
36,970.jpg,0,287,235,0.6493506494,3,246400
55,979.jpg,0,557,201,0.3343023256,0,356040
49,196.jpg,0,886,95,0.0781448539,0,193602
28,701.jpg,0,417,343,0.8600508906,5,531336
57,688.jpg,0,507,269,0.4668705403,1,449298
31,1359.jpg,0,231,288,1.2333333333,2,187590
26,1533.jpg,0,362,183,0.4805598756,3,198687
76,348.jpg,0,529,220,0.3746253746,0,375375
10,946.jpg,4,359,331,0.7769347496,3,337408
37,1569.jpg,0,115,188,1.9226190476,0,54264
45,941.jpg,0,294,442,1.4676524954,1,429554
60,697.jpg,0,134,211,1.7162790698,0,79335
42,443.jpg,0,555,276,0.5339912281,1,444144
45,803.jpg,0,113,276,2.8539325843,0,90424
40,618.jpg,0,122,290,2.6321243523,0,98044
12,1281.jpg,5,462,442,0.8610240334,4,788568
24,97.jpg,0,565,213,0.3327239488,7,398216
10,957.jpg,5,609,648,0.8324958124,0,1186836
10,1341.jpg,4,513,325,0.6419889503,5,525805
22,1203.jpg,0,458,189,0.3517915309,1,298404
29,1410.jpg,0,257,145,0.4114490161,1,128570
25,976.jpg,0,525,143,0.2242990654,1,256800
49,342.jpg,0,78,217,3.7,0,44770
60,170.jpg,0,411,132,0.3026819923,0,185571
31,503.jpg,0,98,174,2.0277777778,0,42048
22,651.jpg,0,340,437,1.1215559157,4,426964
30,89.jpg,0,364,198,0.4668587896,6,224856
34,81.jpg,0,468,208,0.3710691824,3,337716
33,1048.jpg,0,461,192,0.3978494624,1,278721
48,1218.jpg,0,146,266,2.2453703704,0,104760
42,1264.jpg,0,358,112,0.2697160883,0,108414
29,713.jpg,0,384,509,1.1095890411,6,591300
38,557.jpg,1,297,200,0.7001828154,2,209501
48,1509.jpg,0,319,117,0.3280141844,0,104340
29,1205.jpg,0,352,194,0.4658119658,8,229554
29,334.jpg,0,199,240,1.2790697674,2,151360
46,1412.jpg,0,398,173,0.4126074499,3,201024
35,1443.jpg,0,275,158,0.4273504274,0,146250
69,831.jpg,0,314,206,0.6629834254,1,195480
5,157.jpg,4,375,370,0.7496542185,0,391866
6,1417.jpg,5,391,380,0.7686062246,0,419752
39,1279.jpg,0,307,186,0.5500848896,0,190836
28,1356.jpg,0,423,170,0.3857526882,4,213528
64,829.jpg,0,314,187,0.4861538462,0,205400
22,527.jpg,0,248,275,1.1474654378,2,216132
23,384.jpg,0,299,135,0.3837638376,0,112736
57,23.jpg,1,363,217,0.4,0,213160
37,249.jpg,0,302,193,0.6171735242,2,192855
8,506.jpg,2,284,327,1.013618677,5,267794
42,55.jpg,0,261,377,1.4557235421,2,312062
43,882.jpg,0,391,122,0.2393483709,2,152418
40,174.jpg,0,334,201,0.6449275362,1,196512
37,1030.jpg,0,298,276,0.8352365416,3,313856
38,1009.jpg,0,94,241,3.3695652174,0,64170
8,978.jpg,5,488,349,0.7276785714,2,584192
14,1182.jpg,3,288,324,1.0646551724,5,229216
23,158.jpg,0,421,255,0.5161662818,6,387102
30,1584.jpg,0,357,193,0.4984567901,3,209304
25,945.jpg,0,393,175,0.3933518006,2,205048
25,1055.jpg,0,520,138,0.2009302326,0,232200
56,338.jpg,0,447,217,0.4564417178,0,303180
38,650.jpg,0,368,178,0.5174050633,1,206664
36,1255.jpg,0,166,205,1.3202846975,2,104251
12,189.jpg,3,342,322,0.8591117917,3,366333
26,608.jpg,5,508,295,0.6558659218,4,525365
60,874.jpg,0,433,229,0.4809069212,1,337714
35,1122.jpg,2,400,364,0.847826087,3,459264
48,677.jpg,0,407,182,0.4093333333,1,230250
41,368.jpg,0,92,221,3.4146341463,0,51660
36,1119.jpg,0,419,173,0.3712021136,0,212717
39,1358.jpg,0,378,152,0.3579881657,1,163592
60,743.jpg,0,269,214,0.746031746,0,189504
66,480.jpg,0,429,225,0.4834761322,1,322715
30,788.jpg,0,428,266,0.5125,2,396880
31,1010.jpg,0,234,303,1.291005291,1,184464
44,493.jpg,0,281,399,1.4589178357,4,363272
36,1072.jpg,0,344,173,0.4742589704,0,194864
32,1511.jpg,0,617,264,0.436997319,13,547191
37,1193.jpg,0,224,283,1.4644808743,2,196176
39,592.jpg,0,568,271,0.4493731919,8,483242
65,299.jpg,0,567,320,0.568627451,2,591600
23,1066.jpg,3,260,293,1.0817610063,6,246132
29,628.jpg,0,358,188,0.5411954766,3,207365
70,1250.jpg,0,153,238,1.7058823529,0,96628
52,184.jpg,0,102,290,3.6503496503,0,74646
21,248.jpg,0,324,181,0.5334538879,1,163135
28,868.jpg,0,251,392,1.4902386117,6,316707
55,162.jpg,0,422,172,0.3377483444,0,192525
90,982.jpg,0,547,240,0.4007490637,0,457104
10,344.jpg,5,417,476,0.9651685393,3,764510
63,653.jpg,0,369,172,0.4294385432,0,186497
12,518.jpg,6,547,427,0.7597765363,3,876384
10,824.jpg,5,400,507,1.1480484522,2,633779
38,183.jpg,0,311,263,0.7698412698,4,305550
28,376.jpg,0,447,236,0.4567627494,2,371624
51,1347.jpg,0,136,208,1.6525821596,0,74976
22,80.jpg,0,477,289,0.564893617,13,499140
38,558.jpg,0,402,169,0.4072022161,0,212268
31,1127.jpg,0,348,209,0.6,1,223260
32,1422.jpg,4,480,260,0.5328638498,5,386808
52,953.jpg,0,489,251,0.4393179539,3,436686
50,509.jpg,0,219,283,1.3107049608,0,192266
39,1487.jpg,0,495,210,0.3762886598,1,354050
18,137.jpg,0,220,316,1.5358974359,4,233610
27,1232.jpg,0,339,205,0.6566901408,1,211864
27,1464.jpg,0,99,143,1.8671875,0,30592
68,781.jpg,0,480,266,0.5270718232,1,431685
25,433.jpg,0,338,202,0.5721311475,0,212890
53,1314.jpg,0,443,161,0.3197969543,0,198576
10,925.jpg,4,478,453,0.7783842795,3,653108
33,1200.jpg,0,203,301,1.7673716012,1,193635
68,1406.jpg,0,321,196,0.6365280289,2,194656
38,1537.jpg,0,306,275,0.8067092652,4,316130
27,1357.jpg,0,402,198,0.4126344086,6,228408
22,751.jpg,0,408,241,0.5357624831,0,294177
30,712.jpg,0,245,310,1.2204176334,6,226706
60,909.jpg,0,392,220,0.5,0,282752
24,998.jpg,0,248,265,1.0835214447,2,212640
37,733.jpg,0,121,256,2.5505617978,0,80812
13,118.jpg,3,232,275,0.9639423077,3,166816
27,1288.jpg,0,343,448,1.1964573269,4,461403
80,210.jpg,0,232,218,0.8917050691,1,167958
23,387.jpg,0,197,313,1.6005830904,1,188307
38,336.jpg,0,359,209,0.4494818653,2,267884
20,391.jpg,3,287,316,1.1232604374,7,284195
40,1440.jpg,0,409,367,0.7830188679,3,563072
23,4.jpg,0,186,313,1.6635802469,0,174636
43,76.jpg,0,441,160,0.2990543735,1,214038
36,335.jpg,0,353,228,0.632,0,246875
38,1559.jpg,1,620,211,0.3352090032,2,518748
22,1137.jpg,2,250,294,1.1168539326,9,221165
32,314.jpg,0,248,421,1.6923076923,2,330616
29,836.jpg,0,358,180,0.5061538462,1,213850
29,766.jpg,0,567,215,0.3712047013,4,386959
24,21.jpg,0,348,210,0.5089552239,10,228470
45,1532.jpg,0,322,123,0.3513986014,0,114972
18,447.jpg,0,98,152,1.9208633094,0,37113
45,1163.jpg,0,450,163,0.3447015834,0,232343
39,1018.jpg,0,298,159,0.4045801527,2,173575
25,105.jpg,0,344,457,1.1877022654,4,453612
24,692.jpg,0,386,164,0.3947368421,0,205770
37,92.jpg,0,110,184,2.1666666667,0,52728
51,980.jpg,0,93,273,3.837398374,0,58056
27,244.jpg,0,375,153,0.3695652174,0,200192
40,95.jpg,0,403,373,0.922147651,5,511815
82,1471.jpg,0,241,220,0.8906605923,1,171649
56,1400.jpg,1,435,169,0.319760479,0,222945
45,122.jpg,2,486,486,0.9740540541,3,833425
36,1367.jpg,0,479,158,0.3112426036,0,222235
35,201.jpg,0,259,201,0.5872756933,1,220680
50,467.jpg,0,349,187,0.4626865672,0,207700
38,1315.jpg,0,98,266,3.3928571429,0,66500
44,598.jpg,0,394,389,0.8681710214,4,615502
9,1350.jpg,5,599,612,0.8663716814,0,1106270
34,736.jpg,0,310,362,1.0761245675,3,359516
50,1261.jpg,0,90,275,3.7857142857,0,60102
56,675.jpg,0,402,168,0.3687845304,0,193308
43,48.jpg,2,494,471,0.9485530547,3,825705
39,624.jpg,1,695,247,0.3517786561,3,562925
55,1181.jpg,0,202,339,2.1295681063,1,192941
12,699.jpg,6,495,390,0.6948176583,3,754408
37,1192.jpg,0,315,311,0.8381240545,2,366194
41,222.jpg,0,427,243,0.4949267193,3,389393
49,832.jpg,0,483,262,0.4870517928,2,490956
29,1366.jpg,0,372,180,0.5110759494,1,204136
24,1090.jpg,0,358,197,0.4941348974,0,229834
31,1187.jpg,3,320,208,0.5621212121,7,244860
43,405.jpg,0,225,302,1.350140056,0,172074
39,30.jpg,0,305,226,0.6231155779,2,222084
47,1116.jpg,0,113,284,2.9467455621,0,84162
26,345.jpg,0,314,135,0.3907407407,0,113940
12,1418.jpg,5,438,571,1.1338862559,3,807708
32,1154.jpg,2,392,458,1.0846715328,4,508955
51,799.jpg,0,195,418,2.2212121212,0,241890
47,286.jpg,0,401,272,0.533632287,1,424592
56,328.jpg,0,571,313,0.5843621399,3,552096
39,1353.jpg,0,284,136,0.418556701,0,98455
38,502.jpg,0,110,269,3.2857142857,0,77924
39,717.jpg,0,216,239,1.1042780749,2,154462
52,913.jpg,0,205,314,1.7313432836,2,194300
29,719.jpg,0,406,172,0.4213406293,4,225148
10,564.jpg,4,443,456,0.9141361257,2,833715
46,523.jpg,0,336,185,0.4911147011,0,188176
32,1317.jpg,0,450,169,0.3831168831,2,227150
32,1228.jpg,0,288,283,0.8272,2,323125
40,239.jpg,0,323,308,0.8086956522,4,385020
14,490.jpg,6,439,394,0.772082879,2,649236
15,1011.jpg,3,384,376,0.8324396783,6,463266
31,1550.jpg,0,201,257,1.3133903134,1,161811
39,1209.jpg,0,408,269,0.573286052,3,410310
33,1547.jpg,0,325,197,0.512539185,1,208626
14,150.jpg,3,335,285,0.8210059172,3,375180
23,327.jpg,0,356,165,0.4232954545,0,209792
33,905.jpg,0,495,149,0.2228855721,1,225120
55,794.jpg,0,445,426,0.8802325581,5,651020
23,579.jpg,0,342,185,0.528363047,0,201142
11,192.jpg,3,246,235,0.8845265589,4,165839
24,583.jpg,1,110,157,1.6818181818,0,39886
40,649.jpg,0,222,229,0.9157427938,3,186263
32,784.jpg,0,204,351,1.9242424242,0,209550
29,921.jpg,0,416,254,0.5540704739,3,375288
25,888.jpg,0,233,307,1.2725060827,5,214953
25,955.jpg,0,329,199,0.5502392344,9,216315
9,1354.jpg,3,409,416,0.8723684211,3,503880
35,225.jpg,0,419,161,0.3588456713,6,227942
41,1327.jpg,0,169,291,2.0507246377,0,156216
36,559.jpg,0,294,230,0.6587436333,3,228532
35,1062.jpg,0,306,347,1.0139130435,4,335225
33,1571.jpg,1,443,196,0.3806380638,2,314514
36,969.jpg,0,472,162,0.3300492611,1,217616
11,1517.jpg,7,582,389,0.7529069767,2,801864
57,1442.jpg,0,291,110,0.3254901961,0,84660
28,1526.jpg,0,262,346,1.298013245,6,266364
47,41.jpg,0,232,362,1.5407407407,2,252720
67,1300.jpg,0,334,168,0.4867109635,1,176386
22,1165.jpg,2,315,353,0.9493243243,4,332704
34,990.jpg,0,244,204,0.6222222222,2,212940
21,1457.jpg,0,198,298,1.603030303,1,174570
58,307.jpg,0,492,190,0.3511111111,0,284400
31,460.jpg,6,525,294,0.5844017094,2,511992
52,966.jpg,0,362,122,0.2874251497,0,128256
74,398.jpg,0,232,212,0.8896551724,1,168345
11,166.jpg,4,288,277,0.8975903614,5,222606
44,435.jpg,0,469,176,0.3288740245,0,264615
51,762.jpg,0,322,107,0.2906574394,0,97104
47,515.jpg,0,170,292,1.9261744966,2,171052
73,1575.jpg,0,375,226,0.5266030014,0,282938
44,1481.jpg,0,289,122,0.3411552347,0,104706
56,434.jpg,0,408,136,0.3041237113,0,183136
50,512.jpg,0,381,148,0.3289299868,0,188493
40,549.jpg,0,244,207,0.6638078902,1,225621
37,625.jpg,1,312,219,0.8378870674,2,252540
51,907.jpg,0,389,121,0.2746781116,0,134208
28,1508.jpg,0,565,226,0.3898467433,10,424908
37,777.jpg,0,105,268,3.2905405405,0,72076
36,227.jpg,0,252,201,0.6344827586,1,213440
46,928.jpg,0,177,337,2.0677966102,2,179950
25,1346.jpg,0,377,218,0.5523952096,0,246492
80,242.jpg,0,230,230,0.9460093897,1,171678
15,1088.jpg,4,258,274,0.8083333333,3,186240
27,371.jpg,0,434,242,0.4777415852,3,405240
31,14.jpg,0,337,160,0.383808096,0,170752
16,960.jpg,4,219,255,0.9301745636,4,149573
6,949.jpg,5,387,354,0.7783933518,0,405764
25,1522.jpg,0,382,200,0.4861111111,7,252000
27,830.jpg,0,510,166,0.3329326923,0,230464
8,1297.jpg,4,516,411,0.7525676937,2,863226
29,228.jpg,0,511,208,0.3599574015,0,317382
43,1486.jpg,1,283,205,0.677238806,2,194568
40,539.jpg,0,108,236,2.5304878049,0,68060
54,370.jpg,0,142,240,2.0462962963,0,95472
46,454.jpg,0,779,100,0.1075110457,0,198268
43,1039.jpg,0,887,91,0.0816195373,0,197612
64,1416.jpg,0,347,180,0.4846526656,0,185700
23,349.jpg,0,494,207,0.3790012804,5,231176
36,645.jpg,0,301,209,0.7120418848,3,233784
22,1390.jpg,0,103,192,2.0182926829,0,54284
55,457.jpg,0,528,255,0.420411985,3,479532
26,1424.jpg,0,331,170,0.445482866,4,183612
55,186.jpg,0,269,397,1.4163179916,2,323606
9,1506.jpg,3,283,261,0.8548707753,5,216290
27,1303.jpg,0,103,158,1.7517241379,0,36830
25,1037.jpg,0,379,165,0.405775076,0,175686
29,532.jpg,0,312,213,0.7238421955,4,246026
30,190.jpg,0,394,168,0.3654618474,0,203931
17,530.jpg,0,267,282,1.1044444444,3,223650
56,182.jpg,0,278,403,1.3800813008,2,334068
12,253.jpg,4,304,320,0.9625468165,4,274476
33,151.jpg,0,370,214,0.634840871,4,226263
23,120.jpg,0,365,171,0.4347202296,0,211191
49,1239.jpg,0,434,161,0.3060747664,1,224272
22,679.jpg,1,255,283,1.0128205128,8,221832
41,50.jpg,0,226,219,0.8722943723,4,186186
30,850.jpg,2,290,219,0.6148648649,8,215488
23,1191.jpg,0,326,143,0.3724489796,3,128772
32,373.jpg,0,354,190,0.5681063123,2,205884
38,1470.jpg,0,346,196,0.4561403509,1,250458
45,1265.jpg,0,345,188,0.4057591623,2,236840
24,1404.jpg,0,429,190,0.3667820069,2,275706
50,758.jpg,0,606,281,0.5139318885,2,482562
46,1135.jpg,0,500,275,0.482552343,3,485452
69,1206.jpg,0,491,264,0.5456621005,1,418728
18,347.jpg,0,387,131,0.3338301043,5,150304
38,994.jpg,0,288,247,0.7172774869,2,235503
37,706.jpg,0,96,253,3.401459854,0,63842
29,631.jpg,0,337,143,0.3886986301,1,132568
30,484.jpg,0,530,158,0.227443609,0,257488
44,1198.jpg,0,295,173,0.4518167457,1,181038
31,441.jpg,0,260,188,0.6206293706,1,203060
72,1384.jpg,0,445,261,0.5560859189,2,390508
35,570.jpg,1,406,468,0.9854497354,4,563220
61,629.jpg,0,243,343,1.3106575964,1,254898
31,1124.jpg,0,197,210,1.1920731707,2,128248
47,1514.jpg,0,287,160,0.4871794872,2,145236
33,851.jpg,0,349,178,0.488410596,4,178180
26,136.jpg,0,418,225,0.5397260274,2,287620
14,1419.jpg,5,388,513,1.3362068966,3,647280
16,1108.jpg,0,214,288,1.4222222222,1,184320
11,565.jpg,6,510,337,0.6702241195,3,588436
41,178.jpg,0,303,206,0.6724436742,3,223876
42,891.jpg,0,227,236,1.0237529691,2,181451
30,246.jpg,0,104,175,2.0709219858,1,41172
55,1560.jpg,0,390,218,0.495923913,1,268640
48,114.jpg,0,295,194,0.6122807018,0,198930
43,771.jpg,0,432,116,0.2464622642,1,177232
73,147.jpg,0,236,213,0.8671171171,1,170940
39,1136.jpg,0,274,144,0.3869346734,1,137907
29,340.jpg,0,217,243,1.227027027,0,167980
28,1077.jpg,0,538,118,0.1755319149,1,223344
46,436.jpg,0,427,250,0.519058296,3,412996
28,893.jpg,0,338,198,0.6145833333,0,203904
55,1049.jpg,0,401,215,0.4855643045,0,281940
58,606.jpg,0,359,160,0.3885714286,0,190400
11,1252.jpg,5,409,421,0.8073993471,2,681898
15,220.jpg,0,467,185,0.3857142857,6,272160
14,973.jpg,5,516,407,0.7236467236,4,802386
24,144.jpg,0,397,186,0.5014409222,8,241512
67,1311.jpg,0,333,173,0.516722408,2,184782
49,191.jpg,0,361,163,0.3896103896,0,187110
36,175.jpg,0,407,282,0.5704622322,3,448822
33,536.jpg,0,314,228,0.6132511556,4,258302
60,8.jpg,0,403,228,0.5091863517,0,295656
12,331.jpg,4,483,448,0.8278867102,6,697680
48,1439.jpg,0,253,352,1.4053452116,0,283319
27,306.jpg,0,442,160,0.3590733591,0,216783
24,1554.jpg,0,424,186,0.3886010363,10,231600
22,260.jpg,0,355,197,0.5296875,6,216960
20,1521.jpg,0,255,272,1.0513392857,2,211008
29,321.jpg,0,102,179,2.1944444444,0,45504
49,1403.jpg,0,599,184,0.2854545455,1,345400
40,426.jpg,0,277,175,0.5763016158,0,178797
43,623.jpg,0,382,217,0.5856269113,1,250482
39,1161.jpg,0,436,168,0.3443877551,0,211680
12,268.jpg,3,269,262,0.8760162602,6,212052
24,1451.jpg,0,217,280,1.2782152231,4,185547
42,1171.jpg,0,332,193,0.6311188811,4,206492
56,975.jpg,0,132,267,2.4068627451,0,100164
12,38.jpg,3,360,301,0.7205882353,7,333200
25,873.jpg,2,343,384,0.9668246445,3,387396
8,111.jpg,5,447,514,0.9893111639,2,701386
54,935.jpg,0,122,264,2.7005347594,0,94435
73,88.jpg,0,236,223,0.8917050691,1,167958
39,718.jpg,0,245,151,0.4510166359,1,132004
29,1449.jpg,0,226,272,1.2724935733,2,192555
24,188.jpg,0,227,262,1.1173469388,3,171696
27,709.jpg,1,245,299,1.276849642,7,224165
49,748.jpg,0,489,219,0.427922815,1,332137
67,1431.jpg,0,338,189,0.5958188153,2,196308
54,295.jpg,0,147,266,2.2194092827,0,124662
13,1539.jpg,5,338,325,0.8695652174,2,414000
9,420.jpg,5,431,327,0.6920289855,2,474444
13,377.jpg,7,389,483,1.135989011,2,602056
47,797.jpg,0,471,149,0.2593431484,1,202207
56,1183.jpg,0,272,377,1.3361169102,3,306560
61,1420.jpg,0,334,175,0.5124792013,1,185108
46,1022.jpg,0,288,105,0.302970297,0,77265
43,1278.jpg,0,103,170,2.0131578947,0,46512
52,1112.jpg,0,332,201,0.5993091537,2,200913
41,580.jpg,0,341,128,0.2859375,0,117120
21,1325.jpg,0,368,245,0.6315789474,1,279300
10,763.jpg,4,331,400,1.0858143608,2,354020
45,185.jpg,0,331,200,0.562601626,1,212790
40,1148.jpg,0,403,177,0.4411347518,2,219255
49,800.jpg,0,500,236,0.4346473029,2,403916
44,330.jpg,0,93,239,3.2196969697,0,56100
22,620.jpg,0,524,149,0.1959890611,2,235855
29,1374.jpg,0,235,277,1.2901554404,1,192228
78,1131.jpg,0,487,225,0.4293598234,0,352434
37,567.jpg,0,210,287,1.4472222222,0,187560
12,109.jpg,5,502,345,0.6984924623,3,691525
66,1146.jpg,0,554,300,0.5644820296,2,505164
44,844.jpg,0,381,143,0.2847593583,1,159324
76,1260.jpg,0,235,228,0.9404761905,1,165900
70,1292.jpg,0,202,326,1.8785046729,2,193563
45,1489.jpg,0,384,177,0.4383358098,0,198535
46,1518.jpg,0,346,123,0.2958397535,0,124608
32,386.jpg,0,334,378,1.0462519936,4,411312
32,1447.jpg,0,392,148,0.326585695,0,179322
45,270.jpg,0,102,302,3.8732394366,0,78100
59,554.jpg,0,189,365,2.0876132931,0,228721
33,769.jpg,0,713,235,0.3438767234,11,522792
25,1189.jpg,0,226,201,0.8708860759,4,135880
50,616.jpg,0,354,180,0.4030683403,0,207213
39,1426.jpg,0,105,185,2.1933333333,1,49350
28,1231.jpg,0,326,178,0.5102362205,1,205740
29,319.jpg,0,214,354,1.7608069164,0,212017
31,1025.jpg,0,520,131,0.1996215705,1,223027
56,1477.jpg,0,277,397,1.3643724696,2,332956
31,13.jpg,0,173,209,1.2344827586,0,103820
51,647.jpg,0,252,367,1.4234234234,2,280608
60,881.jpg,0,287,192,0.6258865248,1,199092
46,724.jpg,0,646,286,0.3978930308,3,605894
16,531.jpg,2,241,344,1.1449579832,5,259420
15,605.jpg,4,389,283,0.7286501377,3,384054
41,522.jpg,0,318,110,0.3383742911,0,94691
19,1013.jpg,0,151,189,1.309623431,0,74807
39,1277.jpg,0,333,196,0.5555555556,3,202005
67,661.jpg,0,334,173,0.5066889632,1,181194
28,1371.jpg,0,314,179,0.5023474178,0,205119
56,265.jpg,0,353,196,0.4612005857,2,215145
30,39.jpg,0,183,244,1.5096153846,8,146952
13,510.jpg,4,311,294,0.8538461538,4,360750
16,817.jpg,4,296,354,0.9982046679,6,309692
56,789.jpg,0,146,225,1.7446808511,0,96350
39,367.jpg,0,270,225,0.6655462185,3,235620
31,641.jpg,0,360,461,1.084947839,5,488488
37,1450.jpg,0,253,264,0.9382978723,5,207270
21,1310.jpg,0,389,188,0.4458689459,4,219726
29,603.jpg,0,242,300,1.2519893899,0,177944
60,678.jpg,1,452,225,0.3473570658,0,298494
26,1557.jpg,0,336,208,0.6261510129,10,184620
42,86.jpg,2,683,288,0.4438063987,0,659479
13,279.jpg,3,475,415,0.7453754081,6,629515
10,643.jpg,3,481,264,0.6039360394,4,399183
65,1528.jpg,0,311,201,0.6308243728,1,196416
16,658.jpg,4,324,321,0.9895470383,5,326032
21,790.jpg,0,138,183,1.3661971831,2,61983
36,128.jpg,0,215,262,1.2251308901,2,178776
31,877.jpg,0,328,203,0.6804308797,2,211103
36,981.jpg,0,264,271,0.8822463768,1,268824
50,241.jpg,0,360,181,0.404137931,0,212425
32,861.jpg,0,221,263,1.3706666667,2,192750
32,131.jpg,0,305,133,0.3797468354,0,116130
36,421.jpg,0,396,168,0.3661202186,3,196176
36,176.jpg,0,362,188,0.4168831169,3,247170
35,958.jpg,0,241,259,1.174563591,2,188871
12,870.jpg,4,525,342,0.6306760848,3,619375
35,569.jpg,0,265,202,0.6083333333,3,219000
45,393.jpg,0,320,159,0.4378109453,1,159192
30,1074.jpg,2,375,380,0.9928469242,3,485106
62,98.jpg,0,425,458,1.0348258706,5,668928
12,526.jpg,6,465,415,0.778238342,3,724715
6,311.jpg,5,400,383,0.8268156425,0,423872
31,1287.jpg,0,325,196,0.6476868327,2,204568
10,1582.jpg,6,584,453,0.6973684211,3,906300
49,43.jpg,0,133,284,2.5333333333,0,111720
12,496.jpg,4,283,272,0.9404761905,5,238896
58,395.jpg,0,337,171,0.4025069638,0,207502
31,566.jpg,0,326,201,0.5788590604,3,205620
43,1236.jpg,0,197,305,1.7242424242,1,187770
36,685.jpg,0,360,414,1.0420899855,4,494702
61,1226.jpg,0,325,179,0.5178268251,2,179645
14,1493.jpg,3,279,328,1.3347639485,7,289852
31,1273.jpg,1,685,271,0.416064257,15,644910
49,263.jpg,0,501,198,0.3584699454,0,300120
30,1414.jpg,0,348,202,0.4942196532,2,236664
43,1579.jpg,0,436,228,0.5118012422,8,331660
43,1368.jpg,0,674,294,0.4266017843,16,648558
65,1362.jpg,0,503,280,0.5446623094,1,459000
82,1094.jpg,0,240,220,0.9013761468,1,171348
26,429.jpg,0,187,262,1.5791139241,9,157684
28,924.jpg,0,457,201,0.3707370737,2,306333
58,876.jpg,0,508,164,0.2830802603,0,240642
13,1129.jpg,5,578,460,0.8162878788,5,910272
10,827.jpg,4,475,530,0.8291347207,1,691141
52,1141.jpg,0,494,212,0.4243119266,1,322640
29,404.jpg,0,381,469,1.1054977712,3,500712
54,705.jpg,0,322,202,0.6336283186,1,202270
33,487.jpg,0,392,183,0.4300595238,1,194208
23,750.jpg,0,199,327,1.6647058824,1,192440
37,1020.jpg,0,189,374,2.064516129,0,198400
38,806.jpg,0,314,193,0.6487889273,4,216750
22,1409.jpg,0,93,136,1.7142857143,0,30324
9,638.jpg,4,505,340,0.6866812227,3,576164
37,99.jpg,0,297,275,0.7923322684,4,310496
46,230.jpg,0,511,196,0.3236472946,0,322354
26,843.jpg,0,116,180,1.748502994,0,48764
22,1276.jpg,0,172,257,1.580952381,10,156870
33,394.jpg,0,200,252,1.3448275862,1,162864
36,1225.jpg,0,168,323,2.3333333333,3,173901
32,895.jpg,0,483,157,0.3064699205,0,237870
37,720.jpg,0,425,161,0.2764044944,1,218940
14,356.jpg,7,549,468,0.8170498084,3,890532
12,1272.jpg,4,342,312,0.7939481268,4,382394
56,1452.jpg,0,377,157,0.3892045455,0,192896
38,610.jpg,0,287,188,0.5296875,4,216960
48,637.jpg,0,321,274,0.7268722467,3,337095
30,1456.jpg,0,454,208,0.3781420765,2,316590
60,622.jpg,0,333,194,0.6138790036,1,193890
68,572.jpg,0,325,193,0.6299638989,2,193346
31,73.jpg,0,490,152,0.2970760234,1,217170
8,203.jpg,3,243,266,0.8669724771,3,164808
49,1208.jpg,0,339,202,0.492795389,0,237348
29,992.jpg,0,459,174,0.3523002421,1,240366
25,180.jpg,0,391,165,0.3546284224,1,208624
15,445.jpg,4,460,493,0.9151450054,3,793212
36,1320.jpg,1,267,269,0.891440501,3,204533
21,987.jpg,0,408,197,0.4091470952,2,267779
43,1408.jpg,0,315,112,0.2824956672,0,94051
44,1383.jpg,0,89,214,3.0967741935,0,47616
51,1343.jpg,0,256,388,1.4674157303,2,290585
11,396.jpg,4,440,515,0.8578088578,2,631488
33,1425.jpg,0,341,192,0.5521669342,3,214312
25,1063.jpg,0,313,184,0.4906542056,1,202230
81,585.jpg,0,527,222,0.393877551,0,378280
51,1144.jpg,0,510,126,0.2201735358,0,187166
41,1026.jpg,0,197,301,1.7118644068,0,214524
44,1513.jpg,0,335,315,0.793006993,3,405405
36,1175.jpg,0,301,186,0.5975395431,2,193460
74,854.jpg,0,563,306,0.5948827292,2,523404
63,1162.jpg,0,424,197,0.3665521191,1,279360
34,1336.jpg,0,705,303,0.4258675079,16,684720
37,100.jpg,0,359,201,0.5813953488,3,210700
14,469.jpg,4,295,320,0.9326923077,4,363168
35,153.jpg,0,337,194,0.5719120135,2,199758
33,1151.jpg,6,582,316,0.5829042225,3,549586
35,1070.jpg,1,312,205,0.6537102473,2,209420
25,1157.jpg,0,393,189,0.4373177843,2,205800
71,316.jpg,0,307,180,0.5485008818,2,176337
34,498.jpg,0,245,216,0.669535284,4,226009
25,943.jpg,3,294,221,0.5793528505,9,244024
69,519.jpg,0,463,220,0.4221967963,0,322506
56,1291.jpg,0,410,162,0.3382157124,0,190754
33,1172.jpg,0,431,270,0.5702576112,4,415898
25,352.jpg,0,361,162,0.4485842027,0,201971
42,1045.jpg,0,276,199,0.6474953618,3,188111
36,1427.jpg,0,413,158,0.3655913978,4,202368
52,740.jpg,0,261,227,0.7547528517,3,208822
32,52.jpg,0,438,238,0.4455445545,2,368145
56,1080.jpg,0,316,144,0.4070945946,2,142672
39,1562.jpg,0,246,208,0.6550522648,3,215824
42,1313.jpg,0,108,209,2.4266666667,0,54600
27,129.jpg,0,324,177,0.4920634921,1,195300
32,305.jpg,1,271,215,0.6834677419,3,168144
7,124.jpg,5,616,651,0.8250414594,0,1199970
7,810.jpg,3,403,391,0.7440633245,1,427512
20,910.jpg,0,304,180,0.5968379447,0,152812
32,859.jpg,0,417,248,0.5470514429,4,347492
15,388.jpg,0,244,287,1.2127659574,2,216999
32,1465.jpg,0,380,218,0.4709677419,1,282875
31,31.jpg,0,201,372,1.9876160991,0,207366
54,528.jpg,0,158,309,2.1171875,0,138752
7,977.jpg,5,419,378,0.7670157068,0,447704
39,1238.jpg,0,432,251,0.4873487349,3,402687
31,890.jpg,0,235,269,1.1748768473,4,193662
26,541.jpg,0,381,205,0.4560509554,2,281030
23,1455.jpg,3,239,269,0.9033018868,3,162392
27,889.jpg,0,625,246,0.3618307427,7,485202
30,1330.jpg,0,362,189,0.4677419355,0,217558
36,1005.jpg,0,247,186,0.6786516854,4,134390
57,284.jpg,0,137,224,1.8224299065,0,83460
32,1401.jpg,3,357,216,0.652892562,7,238975
21,1190.jpg,0,132,192,1.3943661972,1,63261
42,880.jpg,0,302,323,0.8614916286,4,371862
30,489.jpg,0,249,208,0.74049217,4,147957
31,125.jpg,0,533,198,0.3367243133,1,325373
34,1164.jpg,0,360,456,1.0166204986,5,529948
29,403.jpg,0,257,332,1.2190889371,6,259082
6,130.jpg,3,389,411,0.9875862069,2,519100
26,860.jpg,0,370,203,0.5112107623,1,228798
56,51.jpg,0,135,255,2.2009569378,0,96140
20,159.jpg,4,244,262,0.8961352657,3,153594
61,481.jpg,0,663,188,0.2701383238,1,408028
45,285.jpg,0,312,125,0.3488372093,0,109005
44,886.jpg,0,307,176,0.4468085106,0,166803
41,26.jpg,0,322,178,0.4550989346,0,196443
12,1128.jpg,6,455,365,0.7807424594,4,580126
47,1308.jpg,0,467,231,0.440122825,2,420110
27,1397.jpg,2,360,219,0.6371681416,8,203400
51,611.jpg,0,128,237,2.2462311558,0,88953
42,676.jpg,0,214,283,1.3413978495,0,185628
12,1085.jpg,6,269,297,0.8810020877,1,202138
43,696.jpg,0,260,360,1.4659340659,2,303485
60,856.jpg,0,534,278,0.5325506937,2,467563
72,731.jpg,0,323,176,0.5193277311,2,183855
45,1123.jpg,0,190,336,2.2344827586,2,187920
27,826.jpg,0,383,180,0.4077669903,1,211974
28,66.jpg,0,352,210,0.6299483649,5,212646
26,961.jpg,0,403,153,0.3785617368,0,205623
37,693.jpg,2,725,271,0.4195356285,1,654476
51,199.jpg,0,760,108,0.1228615863,0,203188
53,40.jpg,0,138,271,2.3333333333,0,102900
32,1577.jpg,0,261,420,1.6347826087,2,345920
19,1017.jpg,1,258,303,1.0877192982,9,226176
42,948.jpg,0,427,192,0.4175,6,267200
57,410.jpg,0,354,170,0.3748344371,0,213665
33,455.jpg,0,294,229,0.6445182724,3,233576
64,424.jpg,0,359,163,0.4679487179,0,182208
45,276.jpg,0,305,188,0.6294964029,0,194600
44,780.jpg,0,223,279,1.3702702703,2,187590
39,664.jpg,0,314,154,0.4552238806,0,130784
17,517.jpg,0,226,308,1.4190231362,2,214728
24,470.jpg,0,197,288,1.4467455621,5,165282
41,689.jpg,0,407,132,0.2445520581,2,166852
41,848.jpg,0,180,396,2.4878892734,2,207791
61,1479.jpg,0,384,180,0.3769123783,0,194849
24,723.jpg,1,465,205,0.4627054362,7,289506
54,281.jpg,0,418,178,0.3582089552,0,194568
22,768.jpg,0,348,171,0.5384615385,2,201019
30,212.jpg,2,431,410,0.8817073171,5,592860
5,1578.jpg,4,384,392,0.7846567968,0,433169
25,642.jpg,0,373,217,0.5089903181,10,266064
27,1429.jpg,0,321,188,0.492845787,2,194990
47,669.jpg,0,309,134,0.4194756554,0,119616
29,1155.jpg,0,373,161,0.3991477273,0,197824
43,267.jpg,0,116,240,2.3806818182,0,73744
42,37.jpg,0,821,101,0.0885135135,0,193880
32,1125.jpg,0,252,265,0.9525862069,5,205088
15,383.jpg,7,465,352,0.6859592712,3,597120
65,1474.jpg,0,302,184,0.5252525253,0,185328
26,1204.jpg,5,530,349,0.6319148936,3,558360
35,879.jpg,0,340,143,0.3684210526,1,127813
35,1520.jpg,2,400,514,1.1531291611,2,650366
50,1201.jpg,0,332,139,0.3778162912,0,125786
10,27.jpg,5,245,265,0.8861047836,2,170771
51,419.jpg,0,152,266,2.1363636364,0,125114
10,381.jpg,4,502,505,0.839869281,1,707778
17,841.jpg,4,322,286,0.825617284,3,346680
19,47.jpg,0,246,283,1.1693735499,1,217224
51,1298.jpg,0,483,137,0.2541567696,0,180188
76,914.jpg,0,237,209,0.8493150685,1,162936
47,640.jpg,0,342,182,0.4469026549,2,205434
52,772.jpg,0,310,171,0.4574638844,2,177555
10,1478.jpg,3,374,378,0.7178082192,1,382520
46,1021.jpg,0,276,345,1.284,6,321000
44,1076.jpg,0,360,125,0.2959641256,0,132462
12,1551.jpg,4,258,280,0.8758169935,2,184518
16,842.jpg,3,347,309,0.8347701149,3,404376
43,816.jpg,0,102,244,3.320610687,0,56985
40,479.jpg,0,227,218,0.8238993711,1,187461
29,1178.jpg,3,296,208,0.5864297254,9,224697
37,1006.jpg,0,114,259,2.8035714286,0,79128
46,741.jpg,0,211,290,1.590778098,0,191544
40,54.jpg,0,402,128,0.2954545455,0,146432
34,1195.jpg,2,251,278,1.0175824176,3,210665
24,991.jpg,0,403,181,0.4152202937,7,232939
12,1106.jpg,4,270,284,0.8292682927,3,200736
31,437.jpg,0,391,254,0.6518518519,1,297000
39,617.jpg,0,272,225,0.6793103448,3,228520
39,575.jpg,0,271,230,0.7287522604,3,222859
39,1275.jpg,0,101,269,3.4244604317,0,66164
29,1525.jpg,0,245,211,0.6506024096,3,219618
44,534.jpg,0,312,127,0.3356521739,0,110975
34,297.jpg,0,338,191,0.5392320534,1,193477
38,896.jpg,0,293,157,0.4797891037,1,155337
24,1445.jpg,0,407,244,0.5679012346,0,301806
54,700.jpg,0,351,118,0.2942122186,0,113826
16,163.jpg,4,333,293,0.869955157,5,389358
21,471.jpg,0,255,300,1.2534883721,2,231770
25,1002.jpg,0,236,285,1.1863207547,5,213272
36,1012.jpg,0,104,249,2.8037974684,0,69994
36,211.jpg,0,236,224,0.8429752066,3,197472
21,1052.jpg,0,119,171,1.3947368421,0,50350
57,1036.jpg,0,349,180,0.4283687943,0,212910
34,85.jpg,0,381,370,0.9663394109,5,491257
45,1564.jpg,0,134,191,1.5330188679,0,68900
36,825.jpg,0,529,223,0.3834296724,6,413124
16,687.jpg,0,127,191,1.5024630542,1,61915
9,767.jpg,4,502,460,0.8923230309,2,897685
58,1147.jpg,0,325,176,0.4346549192,0,201576
26,815.jpg,0,478,201,0.3871345029,1,283005
39,259.jpg,0,189,390,2.2315436242,0,198170
44,1040.jpg,0,338,339,0.8369565217,3,453376
58,703.jpg,0,134,243,2.2403846154,0,96928
14,235.jpg,3,299,310,0.9255725191,3,254140
27,819.jpg,0,350,185,0.4917541229,10,218776
50,1399.jpg,0,545,192,0.3242718447,0,344020
38,1364.jpg,0,440,259,0.5044345898,2,410410
25,240.jpg,4,397,195,0.4993103448,4,262450
40,1348.jpg,0,114,231,2.4911242604,0,71149
40,1546.jpg,0,411,214,0.5112582781,7,291430
25,1413.jpg,0,214,272,1.2717391304,3,172224
42,1497.jpg,0,432,311,0.5639713408,1,538327
20,657.jpg,0,331,196,0.572815534,0,218772
52,1101.jpg,0,208,348,1.9903225806,0,191270
54,251.jpg,0,192,326,1.9555555556,0,194040
40,793.jpg,0,472,262,0.4959432049,2,482154
40,112.jpg,1,592,206,0.3395225464,1,434304
31,804.jpg,0,184,375,2.0859872611,0,205670
48,101.jpg,0,189,329,1.8722741433,2,192921
7,997.jpg,4,479,513,0.9391504018,2,712478
65,1527.jpg,0,285,196,0.6507352941,1,192576
28,337.jpg,0,109,190,2.1518987342,0,53720
39,1249.jpg,0,356,326,0.8005464481,4,428952
49,1082.jpg,0,99,275,3.625,0,67048
16,1512.jpg,4,406,383,0.8002610966,4,469558
21,1223.jpg,0,246,283,1.1836734694,2,230202
31,102.jpg,0,413,477,1.0418918919,4,570540
44,671.jpg,0,162,284,2.1214574899,0,129428
66,920.jpg,0,184,334,2.1354166667,0,177120
59,442.jpg,0,244,354,1.3646788991,2,259420
25,165.jpg,0,435,181,0.4231770833,9,249600
79,582.jpg,0,247,206,0.8404494382,1,166430
37,929.jpg,0,386,235,0.6038863976,1,270276
35,414.jpg,0,426,190,0.3795423957,5,209526
30,379.jpg,0,492,174,0.3313468415,0,233242
63,1071.jpg,0,365,206,0.4711409396,2,261495
37,1480.jpg,0,208,293,1.7304347826,0,205965
15,1555.jpg,5,422,332,0.7657004831,3,524952
26,595.jpg,0,358,207,0.5903010033,8,211094
20,216.jpg,0,260,198,0.7176220807,4,159198
17,574.jpg,0,472,199,0.3742953777,6,294484
21,206.jpg,0,197,276,1.4362017804,0,163108
32,202.jpg,0,432,185,0.3842105263,4,221920
48,1323.jpg,0,531,176,0.2834331337,1,284568
25,865.jpg,0,402,198,0.4463625154,3,293582
53,477.jpg,0,279,203,0.6544117647,2,193664
57,465.jpg,0,780,106,0.1241326137,0,208817
37,1044.jpg,0,435,288,0.5874285714,5,449750
55,411.jpg,0,459,210,0.4520884521,0,299552
20,1134.jpg,0,383,216,0.4740740741,4,216000
21,346.jpg,0,202,273,1.4774774775,0,163836
38,409.jpg,0,351,403,1.0708898944,2,470730
57,1132.jpg,0,131,228,2.3578947368,0,85120
63,1444.jpg,0,315,177,0.5200668896,2,185978
29,1411.jpg,0,391,243,0.5714285714,4,308700
18,721.jpg,1,269,291,1.0663811563,6,232566
32,44.jpg,0,210,291,1.4944444444,1,193680
36,1221.jpg,0,278,101,0.3326271186,0,74104
52,1435.jpg,0,235,335,1.4226044226,2,235653
53,538.jpg,0,443,473,1.0939759036,4,753640
15,78.jpg,4,296,300,0.8413284133,3,247152
20,1389.jpg,0,493,198,0.3572895277,3,338952
23,601.jpg,0,214,266,1.2727272727,4,167706
28,542.jpg,0,326,171,0.427244582,2,178296
54,644.jpg,0,170,257,1.797752809,0,128160
20,1306.jpg,0,147,195,1.2975206612,2,75988
30,72.jpg,7,553,369,0.6952879581,3,634120
33,1437.jpg,0,172,199,1.2275862069,0,103240
19,440.jpg,0,260,291,1.1529933481,3,234520
16,897.jpg,0,554,175,0.2883625129,9,271880
43,1344.jpg,0,337,162,0.394984326,1,160776
25,407.jpg,0,222,290,1.3068783069,2,186732
36,317.jpg,0,250,278,0.9912087912,4,205205
50,1043.jpg,0,318,121,0.3173758865,0,100956
14,823.jpg,2,461,304,0.6568396226,4,472336
24,840.jpg,0,104,157,1.7179487179,0,41808
20,632.jpg,0,110,170,1.9299363057,0,47571
11,1476.jpg,4,410,472,1.2803234501,5,704900
34,390.jpg,1,277,257,0.8509874327,1,264018
51,1056.jpg,0,137,203,1.7101449275,0,73278
37,161.jpg,0,372,169,0.4035608309,3,183328
37,878.jpg,1,412,364,0.8514056225,6,475092
34,786.jpg,0,78,194,3.7604166667,0,34656
42,294.jpg,0,280,224,0.6992882562,2,220866
33,906.jpg,0,258,266,0.9421841542,4,205480
55,553.jpg,0,137,260,2.4460093897,0,110973
24,1515.jpg,1,304,151,0.4361313869,1,130972
36,1015.jpg,0,347,142,0.3614864865,1,126688
47,1499.jpg,0,81,233,3.8684210526,0,50274
42,1180.jpg,2,500,247,0.4768722467,1,393164
44,1382.jpg,0,367,203,0.5023400936,6,206402
71,599.jpg,0,331,199,0.6366843034,1,204687
51,1572.jpg,0,539,140,0.2239747634,0,202563
20,499.jpg,1,226,216,0.8317757009,3,152368
23,1216.jpg,2,357,401,0.9828393136,4,403830
25,350.jpg,0,295,130,0.3802816901,1,93933
39,495.jpg,2,497,462,0.9244680851,3,816860
40,612.jpg,0,661,266,0.3423782921,4,537537
19,296.jpg,0,189,316,1.7343283582,0,194635
48,233.jpg,0,396,173,0.3432835821,0,221904
64,266.jpg,0,611,263,0.4192982456,2,544920
49,399.jpg,0,352,226,0.5605381166,0,250875
28,695.jpg,1,292,204,0.5479674797,10,207255
54,505.jpg,0,271,395,1.3497942387,1,318816
32,849.jpg,0,226,272,1.3660477454,2,194155
23,1316.jpg,0,146,198,1.6077586207,7,86536
25,989.jpg,0,448,182,0.3926128591,2,209797
27,770.jpg,0,352,185,0.5524590164,0,205570
45,318.jpg,0,477,139,0.2330743618,1,189210
82,58.jpg,0,247,220,0.8820861678,1,171549
24,366.jpg,2,281,280,1.024742268,4,241045
45,1355.jpg,0,114,213,2.3609467456,0,67431
55,555.jpg,0,667,229,0.4015748031,3,524637
25,171.jpg,0,227,290,1.2273901809,0,183825
25,1145.jpg,0,120,169,1.8072289157,0,49800
33,682.jpg,0,159,266,1.9473684211,0,137788
24,1286.jpg,0,507,238,0.3994252874,4,435348
14,365.jpg,4,295,285,0.9582577132,2,290928
53,672.jpg,0,415,275,0.5215053763,3,451050
24,1402.jpg,0,228,305,1.335978836,4,190890
42,732.jpg,0,105,205,2.8484848485,0,49632
38,1065.jpg,0,114,202,2.1851851852,0,57348
49,1405.jpg,0,495,241,0.4367816092,2,400026
30,20.jpg,0,358,172,0.4421965318,0,211752
29,1342.jpg,0,213,170,0.7737430168,4,99166
23,392.jpg,0,211,313,1.6121883657,1,210102
46,1251.jpg,0,93,228,3.3157894737,0,58653
27,1285.jpg,3,380,206,0.5575364668,9,212248
31,1334.jpg,0,344,198,0.558101473,7,208351
32,277.jpg,0,418,190,0.4226666667,6,237750
62,996.jpg,0,349,160,0.4192592593,0,191025
12,668.jpg,4,337,313,0.9606837607,2,328770
58,660.jpg,0,309,173,0.4895104895,1,160160
46,313.jpg,0,337,208,0.5223214286,1,235872
38,126.jpg,0,260,228,0.819301848,3,194313
31,1324.jpg,0,407,216,0.4572127139,3,305932
44,33.jpg,0,322,182,0.4510108865,0,186470
51,256.jpg,0,360,200,0.5037257824,0,226798
16,110.jpg,4,334,364,0.9225908373,3,369672
61,1219.jpg,0,541,320,0.591563786,1,558900
53,1268.jpg,0,503,148,0.2364039956,0,191913
28,728.jpg,0,210,293,1.5393258427,2,195088
52,1054.jpg,0,324,128,0.3321799308,0,110976
20,694.jpg,0,263,284,1.1444444444,5,231750
57,464.jpg,0,770,107,0.1264,0,197500
40,1505.jpg,0,86,231,3.9636363636,0,47960
59,428.jpg,0,347,180,0.4097222222,0,212400
39,753.jpg,1,632,211,0.3645546373,1,432333
61,1392.jpg,0,136,245,2.3446601942,0,99498
28,187.jpg,3,483,261,0.5710784314,7,380256
24,63.jpg,1,368,175,0.5192604006,5,218713
6,146.jpg,4,393,358,0.7366255144,1,391473
11,1576.jpg,3,286,271,0.857421875,5,224768
24,400.jpg,0,158,242,1.8032786885,7,107360
88,908.jpg,0,534,228,0.4091381101,0,379422
34,494.jpg,0,402,214,0.45125,5,288800
12,389.jpg,7,691,482,0.7186081694,3,1255900
32,988.jpg,0,397,192,0.4226361032,6,205910
23,19.jpg,0,253,264,1.0178173719,5,205193
30,1472.jpg,0,557,145,0.2015775635,0,262430
26,1207.jpg,0,240,264,1.1146341463,2,187370
11,79.jpg,5,407,447,0.861278649,0,591906
20,1117.jpg,2,327,385,1.0571428571,3,374255
13,378.jpg,4,320,309,0.888372093,4,369585
63,1067.jpg,0,290,192,0.596460177,1,190405
7,1538.jpg,4,384,369,0.7913165266,1,403410
61,513.jpg,0,461,230,0.4705882353,1,353736
34,194.jpg,5,583,296,0.5009765625,4,525312
32,1016.jpg,0,209,403,2.0246153846,0,213850
47,954.jpg,0,271,336,1.2883064516,2,316944
37,459.jpg,0,228,217,0.8652173913,2,183080
36,75.jpg,0,212,288,1.5223463687,2,195110
26,64.jpg,0,401,152,0.3504611331,0,201894
38,25.jpg,0,366,214,0.5829596413,0,260910
37,930.jpg,0,214,286,1.4064171123,1,196724
77,439.jpg,0,236,218,0.912037037,1,170208
31,90.jpg,0,327,185,0.5207667732,0,204076
55,1398.jpg,0,293,196,0.6294326241,0,200220
32,764.jpg,0,344,252,0.6082758621,0,319725
23,1035.jpg,1,391,200,0.4850640114,6,239723
28,24.jpg,0,408,149,0.3269476373,0,200448
26,983.jpg,0,259,203,0.6485061511,1,209961
25,1257.jpg,0,90,149,1.8863636364,0,32868
51,1428.jpg,0,549,189,0.267593397,0,354508
43,1434.jpg,0,400,381,0.8429752066,3,604758
26,293.jpg,0,147,218,1.8025210084,6,102102
54,1365.jpg,0,516,222,0.3665024631,1,377580
24,916.jpg,5,466,285,0.6605616606,3,443079
36,83.jpg,0,92,171,2.1297709924,0,36549
55,562.jpg,0,411,214,0.4770039422,1,276243
21,986.jpg,1,349,194,0.585492228,1,196281
62,181.jpg,0,321,192,0.6006944444,1,199296
35,1166.jpg,0,172,287,2.0103806228,2,167909
68,1266.jpg,0,192,323,1.858974359,0,180960
69,1461.jpg,0,468,289,0.5904017857,1,473984
39,1543.jpg,0,508,175,0.2483598875,1,282755
59,106.jpg,0,138,206,1.6805555556,0,78408
44,591.jpg,0,334,122,0.3138564274,0,112612
36,1337.jpg,0,552,230,0.358665431,1,417573
38,1115.jpg,0,307,214,0.7634408602,3,237708
32,537.jpg,0,480,142,0.2225548902,1,223446
11,525.jpg,4,433,348,0.6895261845,6,443506
24,548.jpg,2,508,205,0.3619702176,5,275868
27,1104.jpg,0,261,195,0.6123499142,1,208131
59,1235.jpg,0,261,402,1.4252631579,2,321575
51,501.jpg,2,488,489,1.0078299776,3,805494
68,1503.jpg,0,510,199,0.3737916219,0,323988
25,1284.jpg,2,281,292,1.0101010101,7,247500
22,142.jpg,0,214,323,1.6155988858,0,208220
44,1230.jpg,0,125,302,2.8272251309,0,103140
37,1097.jpg,0,397,256,0.5303210464,3,375086
13,1387.jpg,4,480,483,0.9359756098,3,906264
20,172.jpg,2,274,327,0.9721189591,3,281374
55,1167.jpg,0,95,290,3.6126760563,0,72846
15,754.jpg,3,464,382,0.7229885057,4,547230
34,422.jpg,0,391,188,0.5296875,4,216960
55,302.jpg,0,444,141,0.2803398058,0,190344
33,665.jpg,0,592,220,0.3396226415,4,420714
29,667.jpg,0,427,189,0.3764258555,7,234333
52,1042.jpg,0,317,126,0.3171577123,0,105591
23,93.jpg,0,320,196,0.5310559006,9,220248
8,573.jpg,5,624,655,0.8560732113,0,1236858
60,984.jpg,0,324,213,0.5842519685,0,235585
14,1184.jpg,2,234,325,1.2760290557,4,217651
34,1534.jpg,2,364,426,0.9689189189,4,530580
39,475.jpg,0,228,334,1.5,2,249696
25,1004.jpg,0,464,275,0.5058949625,3,440376
42,636.jpg,0,469,240,0.4647435897,2,407160
57,1186.jpg,0,395,149,0.3281045752,0,192015
53,581.jpg,0,93,246,3.4516129032,0,53072
28,1496.jpg,0,365,241,0.6068376068,2,299052
89,213.jpg,0,540,238,0.4114230397,0,439025
36,1301.jpg,0,252,220,0.746588694,2,196479
61,1378.jpg,0,393,146,0.3108280255,1,191540
48,290.jpg,0,280,359,1.3300395257,8,340538
65,1421.jpg,0,334,167,0.4834983498,2,177558
30,726.jpg,0,329,192,0.5642276423,0,213405
27,148.jpg,1,413,430,0.939516129,5,520056
64,1407.jpg,0,128,224,2.2041884817,0,80411
51,1169.jpg,0,294,192,0.572147651,0,203236
11,329.jpg,4,467,563,0.9899888765,3,800110
33,540.jpg,0,343,414,1.1105990783,3,470673
22,1001.jpg,0,249,286,1.1826484018,2,226884
70,1120.jpg,0,614,207,0.3030035336,1,388276
54,782.jpg,0,326,171,0.4845360825,0,164124
52,312.jpg,0,95,263,3.648,0,57000
54,927.jpg,0,402,128,0.2742155525,0,147333
40,449.jpg,0,95,236,3.2615384615,0,55120
32,1312.jpg,0,226,285,1.4366576819,2,197743
52,710.jpg,0,327,120,0.3185840708,0,101700
33,587.jpg,0,350,431,1.0772797527,4,450959
30,950.jpg,0,230,212,0.8033175355,4,143058
16,461.jpg,0,134,180,1.3601895735,1,60557
31,96.jpg,0,204,257,1.2215909091,0,151360
38,727.jpg,2,351,431,1.1136,5,435000
39,1321.jpg,0,464,169,0.3104693141,0,214398
52,42.jpg,0,492,255,0.487206823,1,428666
56,586.jpg,0,637,223,0.3403895004,0,474762
66,737.jpg,0,466,263,0.5479289941,1,391235
55,932.jpg,0,279,205,0.6741154562,1,194394
26,968.jpg,2,266,302,1.1349036403,5,247510
8,864.jpg,4,453,461,0.8617886179,2,638862
68,773.jpg,0,336,184,0.537414966,0,185808
46,1034.jpg,0,820,107,0.0940288264,0,199609
31,444.jpg,0,204,362,1.9504643963,0,203490
38,735.jpg,0,296,225,0.6621848739,2,234430
9,358.jpg,4,483,469,0.7778993435,2,649854
45,729.jpg,0,498,174,0.3104972376,0,254305
54,1574.jpg,0,134,227,1.9113300493,0,78764
55,1345.jpg,0,292,190,0.5415986949,1,203516
32,17.jpg,0,304,187,0.467473525,1,204249
42,813.jpg,0,118,198,1.9657142857,0,60200
47,635.jpg,0,378,165,0.3769123783,1,194849
37,117.jpg,0,236,227,0.8771551724,1,188848
40,10.jpg,0,440,184,0.3819095477,1,241984
40,516.jpg,0,344,228,0.6569105691,2,248460
47,1126.jpg,0,435,383,0.7715846995,5,645990
39,1448.jpg,0,415,222,0.4623406721,2,344337
51,529.jpg,0,374,149,0.2803738318,1,157290
68,325.jpg,0,518,213,0.3676171079,0,354502
10,1041.jpg,6,248,281,0.9111617312,2,175600
46,1460.jpg,0,124,213,2.2397660819,0,65493
35,774.jpg,0,412,238,0.5706447188,2,303264
44,1253.jpg,0,324,151,0.4242957746,2,136888
30,226.jpg,0,517,148,0.2914714152,1,331837
50,722.jpg,2,547,508,0.8643744031,3,947535
32,1229.jpg,0,511,226,0.4445652174,11,376280
36,382.jpg,0,309,172,0.5150501672,0,184184
13,1086.jpg,4,505,373,0.7230290456,4,671908
60,1433.jpg,1,358,210,0.3945945946,0,216080
85,427.jpg,0,230,236,0.9737470167,1,170952
35,594.jpg,0,229,276,1.2513368984,1,175032
25,971.jpg,0,408,228,0.4634433962,1,333264
28,1529.jpg,0,471,211,0.3541927409,6,226117
64,602.jpg,0,475,204,0.3890746934,0,313053
43,765.jpg,0,451,167,0.3576923077,0,217620
40,702.jpg,0,217,237,1.1478494624,2,158844
30,742.jpg,0,397,199,0.4353393086,0,265540
25,452.jpg,0,367,219,0.4813278008,10,251604
41,855.jpg,0,442,206,0.4206437292,2,341479
33,940.jpg,0,107,183,2.0779220779,0,49280
35,353.jpg,0,223,265,1.2157360406,1,188726
59,1099.jpg,0,442,232,0.4489337823,1,356400
30,491.jpg,0,187,349,1.9283489097,1,198699
9,262.jpg,5,464,500,0.8891509434,2,639392
27,236.jpg,0,394,229,0.5871156662,2,273883
55,1031.jpg,0,512,273,0.5803048066,2,422235
12,938.jpg,4,365,321,0.7155727156,4,432012
33,451.jpg,0,374,185,0.4757575758,0,207240
57,1373.jpg,0,321,189,0.4751552795,2,197064
61,209.jpg,0,331,191,0.5958549223,2,199755
54,49.jpg,0,129,231,2.12,0,84800
35,1495.jpg,0,333,372,1.0801335559,4,387553
27,1504.jpg,1,246,291,1.0678733032,3,208624
26,1153.jpg,0,489,212,0.4242424242,8,362208
34,140.jpg,0,341,192,0.6654740608,1,207948
54,812.jpg,0,489,178,0.3206521739,0,271400
53,1211.jpg,0,188,374,2.0274390244,1,218120
76,149.jpg,0,508,221,0.4045881126,0,372092
11,1075.jpg,3,296,378,1.0103092784,3,342216
12,468.jpg,5,454,354,0.7569866343,5,512729
34,785.jpg,0,186,294,1.8885135135,1,165464
53,56.jpg,1,366,149,0.3209054594,0,180991
24,1096.jpg,0,417,215,0.4542211653,2,321262
50,205.jpg,0,473,213,0.3997844828,3,344288
