	Unnamed: 0	def_count	id	l_pit	moments_x	moments_y	ratio	s_pit	wxh
757	757	35.0	201.jpg	0.0	259.0	201.0	0.587275693312	1.0	220680.0
843	843	36.0	227.jpg	0.0	252.0	201.0	0.634482758621	1.0	213440.0
1117	1117	34.0	498.jpg	0.0	245.0	216.0	0.669535283993	4.0	226009.0
1035	1035	35.0	569.jpg	0.0	265.0	202.0	0.608333333333	3.0	219000.0
1083	1083	38.0	610.jpg	0.0	287.0	188.0	0.5296875	4.0	216960.0
824	824	34.0	990.jpg	0.0	244.0	204.0	0.622222222222	2.0	212940.0
454	454	30.0	1196.jpg	0.0	303.0	187.0	0.502276176024	3.0	218129.0
214	214	36.0	1377.jpg	0.0	242.0	207.0	0.647359454855	2.0	223060.0
1239	1239	29.0	1525.jpg	0.0	245.0	211.0	0.650602409639	3.0	219618.0
1128	1128	39.0	1562.jpg	0.0	246.0	208.0	0.655052264808	3.0	215824.0
583	583	10.0	160.jpg	3.0	296.0	272.0	0.858757062147	5.0	242136.0
59	59	11.0	164.jpg	4.0	279.0	280.0	0.907297830375	5.0	233220.0
830	830	11.0	166.jpg	4.0	288.0	277.0	0.897590361446	5.0	222606.0
1262	1262	14.0	235.jpg	3.0	299.0	310.0	0.925572519084	3.0	254140.0
941	941	12.0	268.jpg	3.0	269.0	262.0	0.876016260163	6.0	212052.0
1044	1044	12.0	496.jpg	4.0	283.0	272.0	0.940476190476	5.0	238896.0
8	8	15.0	962.jpg	4.0	299.0	282.0	0.915057915058	4.0	245532.0
12	12	10.0	1000.jpg	3.0	299.0	269.0	0.853889943074	5.0	237150.0
283	283	9.0	1019.jpg	3.0	288.0	275.0	0.871844660194	5.0	231235.0
868	868	9.0	1506.jpg	3.0	283.0	261.0	0.854870775348	5.0	216290.0
1298	1298	20.0	216.jpg	0.0	260.0	198.0	0.717622080679	4.0	159198.0
106	106	30.0	288.jpg	1.0	278.0	186.0	0.745454545455	4.0	144320.0
1152	1152	30.0	489.jpg	0.0	249.0	208.0	0.740492170022	4.0	147957.0
1352	1352	20.0	499.jpg	1.0	226.0	216.0	0.831775700935	3.0	152368.0
391	391	24.0	807.jpg	0.0	218.0	187.0	0.742346938776	4.0	114072.0
507	507	33.0	892.jpg	0.0	225.0	201.0	0.681710213777	2.0	120827.0
1147	1147	36.0	1005.jpg	0.0	247.0	186.0	0.678651685393	4.0	134390.0
1383	1383	29.0	1342.jpg	0.0	213.0	170.0	0.77374301676	4.0	99166.0
240	240	36.0	1519.jpg	0.0	222.0	165.0	0.710455764075	4.0	98845.0
284	284	28.0	1556.jpg	0.0	242.0	187.0	0.672018348624	4.0	127748.0
483	483	35.0	1.jpg	1.0	267.0	254.0	0.875776397516	4.0	204309.0
1331	1331	36.0	317.jpg	0.0	250.0	278.0	0.991208791209	4.0	205205.0
1343	1343	33.0	906.jpg	0.0	258.0	266.0	0.942184154176	4.0	205480.0
1247	1247	25.0	1002.jpg	0.0	236.0	285.0	1.18632075472	5.0	213272.0
1205	1205	32.0	1125.jpg	0.0	252.0	265.0	0.952586206897	5.0	205088.0
422	422	39.0	1159.jpg	0.0	246.0	266.0	1.07600950119	4.0	190713.0
555	555	38.0	1270.jpg	1.0	254.0	296.0	1.03524229075	3.0	213380.0
1094	1094	36.0	1320.jpg	1.0	267.0	269.0	0.891440501044	3.0	204533.0
1014	1014	37.0	1450.jpg	0.0	253.0	264.0	0.93829787234	5.0	207270.0
1572	1572	27.0	1504.jpg	1.0	246.0	291.0	1.06787330317	3.0	208624.0
1212	1212	10.0	27.jpg	5.0	245.0	265.0	0.886104783599	2.0	170771.0
727	727	13.0	118.jpg	3.0	232.0	275.0	0.963942307692	3.0	166816.0
1089	1089	8.0	203.jpg	3.0	243.0	266.0	0.866972477064	3.0	164808.0
390	390	18.0	324.jpg	5.0	254.0	270.0	0.863839285714	3.0	173376.0
850	850	16.0	960.jpg	4.0	219.0	255.0	0.930174563591	4.0	149573.0
1539	1539	10.0	1041.jpg	6.0	248.0	281.0	0.911161731207	2.0	175600.0
1169	1169	12.0	1085.jpg	6.0	269.0	297.0	0.881002087683	1.0	202138.0
847	847	15.0	1088.jpg	4.0	258.0	274.0	0.808333333333	3.0	186240.0
79	79	13.0	1370.jpg	6.0	284.0	302.0	0.87573964497	1.0	225108.0
1224	1224	12.0	1551.jpg	4.0	258.0	280.0	0.875816993464	2.0	184518.0
1410	1410	6.0	146.jpg	4.0	393.0	358.0	0.736625514403	1.0	391473.0
1040	1040	6.0	311.jpg	5.0	400.0	383.0	0.826815642458	0.0	423872.0
61	61	5.0	362.jpg	4.0	393.0	372.0	0.801925722146	0.0	423841.0
1133	1133	7.0	810.jpg	3.0	403.0	391.0	0.744063324538	1.0	427512.0
265	265	6.0	915.jpg	5.0	394.0	357.0	0.748308525034	0.0	408667.0
851	851	6.0	949.jpg	5.0	387.0	354.0	0.778393351801	0.0	405764.0
506	506	5.0	956.jpg	4.0	400.0	386.0	0.81129476584	0.0	427614.0
648	648	6.0	1417.jpg	5.0	391.0	380.0	0.768606224628	0.0	419752.0
1424	1424	7.0	1538.jpg	4.0	384.0	369.0	0.791316526611	1.0	403410.0
1198	1198	5.0	1578.jpg	4.0	384.0	392.0	0.78465679677	0.0	433169.0
945	945	12.0	38.jpg	3.0	360.0	301.0	0.720588235294	7.0	333200.0
326	326	11.0	322.jpg	4.0	496.0	449.0	0.766423357664	6.0	704865.0
930	930	12.0	331.jpg	4.0	483.0	448.0	0.82788671024	6.0	697680.0
546	546	22.0	408.jpg	3.0	371.0	349.0	0.764788732394	2.0	385530.0
547	547	21.0	511.jpg	4.0	503.0	421.0	0.698113207547	5.0	635364.0
336	336	25.0	589.jpg	4.0	499.0	469.0	0.725352112676	2.0	716674.0
1473	1473	15.0	754.jpg	3.0	464.0	382.0	0.722988505747	4.0	547230.0
795	795	15.0	1011.jpg	3.0	384.0	376.0	0.832439678284	6.0	463266.0
165	165	12.0	1467.jpg	4.0	396.0	357.0	0.722891566265	3.0	403380.0
1283	1283	16.0	1512.jpg	4.0	406.0	383.0	0.800261096606	4.0	469558.0
264	264	33.0	238.jpg	2.0	359.0	396.0	0.946454413893	4.0	451914.0
66	66	24.0	698.jpg	2.0	367.0	415.0	1.01228878648	7.0	429009.0
1513	1513	38.0	727.jpg	2.0	351.0	431.0	1.1136	5.0	435000.0
946	946	25.0	873.jpg	2.0	343.0	384.0	0.96682464455	3.0	387396.0
1421	1421	20.0	1117.jpg	2.0	327.0	385.0	1.05714285714	3.0	374255.0
780	780	32.0	1154.jpg	2.0	392.0	458.0	1.08467153285	4.0	508955.0
823	823	22.0	1165.jpg	2.0	315.0	353.0	0.949324324324	4.0	332704.0
1353	1353	23.0	1216.jpg	2.0	357.0	401.0	0.982839313573	4.0	403830.0
190	190	25.0	1243.jpg	2.0	376.0	448.0	0.994413407821	6.0	509792.0
228	228	35.0	1245.jpg	2.0	371.0	448.0	1.10591900312	4.0	455820.0
1496	1496	27.0	148.jpg	1.0	413.0	430.0	0.939516129032	5.0	520056.0
439	439	30.0	364.jpg	0.0	306.0	394.0	1.13729128015	4.0	330407.0
1064	1064	29.0	404.jpg	0.0	381.0	469.0	1.10549777117	3.0	500712.0
898	898	35.0	570.jpg	1.0	406.0	468.0	0.98544973545	4.0	563220.0
1013	1013	31.0	641.jpg	0.0	360.0	461.0	1.08494783905	5.0	488488.0
633	633	22.0	651.jpg	0.0	340.0	437.0	1.12155591572	4.0	426964.0
167	167	24.0	652.jpg	1.0	405.0	466.0	1.00654450262	4.0	587516.0
639	639	29.0	713.jpg	0.0	384.0	509.0	1.1095890411	6.0	591300.0
335	335	34.0	853.jpg	0.0	374.0	498.0	1.16305916306	3.0	558558.0
1210	1210	35.0	1520.jpg	2.0	400.0	514.0	1.15312916112	2.0	650366.0
1319	1319	15.0	78.jpg	4.0	296.0	300.0	0.841328413284	3.0	247152.0
39	39	12.0	167.jpg	3.0	351.0	416.0	1.02459016393	4.0	381250.0
875	875	12.0	253.jpg	4.0	304.0	320.0	0.962546816479	4.0	274476.0
1376	1376	14.0	365.jpg	4.0	295.0	285.0	0.958257713249	2.0	290928.0
656	656	8.0	506.jpg	2.0	284.0	327.0	1.01361867704	5.0	267794.0
968	968	10.0	763.jpg	4.0	331.0	400.0	1.08581436077	2.0	354020.0
1520	1520	8.0	864.jpg	4.0	453.0	461.0	0.861788617886	2.0	638862.0
595	595	23.0	1003.jpg	4.0	298.0	364.0	1.02957486137	3.0	301337.0
663	663	14.0	1182.jpg	3.0	288.0	324.0	1.06465517241	5.0	229216.0
1482	1482	14.0	1184.jpg	2.0	234.0	325.0	1.27602905569	4.0	217651.0
867	867	55.0	186.jpg	0.0	269.0	397.0	1.41631799163	2.0	323606.0
484	484	52.0	198.jpg	0.0	256.0	354.0	1.46171171171	2.0	288156.0
1362	1362	54.0	505.jpg	0.0	271.0	395.0	1.34979423868	1.0	318816.0
899	899	61.0	629.jpg	0.0	243.0	343.0	1.31065759637	1.0	254898.0
997	997	51.0	647.jpg	0.0	252.0	367.0	1.42342342342	2.0	280608.0
435	435	57.0	839.jpg	0.0	283.0	408.0	1.35852713178	2.0	361716.0
1463	1463	59.0	1235.jpg	0.0	261.0	402.0	1.42526315789	2.0	321575.0
341	341	57.0	1242.jpg	0.0	293.0	446.0	1.43545279383	2.0	386655.0
1317	1317	52.0	1435.jpg	0.0	235.0	335.0	1.4226044226	2.0	235653.0
995	995	56.0	1477.jpg	0.0	277.0	397.0	1.36437246964	2.0	332956.0
1574	1574	34.0	140.jpg	0.0	341.0	192.0	0.665474060823	1.0	207948.0
308	308	25.0	663.jpg	0.0	346.0	200.0	0.608768971332	0.0	214073.0
362	362	28.0	805.jpg	0.0	271.0	190.0	0.623036649215	1.0	204561.0
1026	1026	31.0	877.jpg	0.0	328.0	203.0	0.680430879713	2.0	211103.0
918	918	28.0	893.jpg	0.0	338.0	198.0	0.614583333333	0.0	203904.0
1440	1440	26.0	983.jpg	0.0	259.0	203.0	0.648506151142	1.0	209961.0
11	11	32.0	1217.jpg	0.0	356.0	189.0	0.566666666667	0.0	204000.0
712	712	27.0	1232.jpg	0.0	339.0	205.0	0.656690140845	1.0	211864.0
1041	1041	31.0	1287.jpg	0.0	325.0	196.0	0.64768683274	2.0	204568.0
511	511	35.0	1581.jpg	0.0	319.0	200.0	0.705223880597	0.0	202608.0
657	657	42.0	55.jpg	0.0	261.0	377.0	1.45572354212	2.0	312062.0
1493	1493	48.0	290.jpg	0.0	280.0	359.0	1.33003952569	8.0	340538.0
739	739	32.0	314.jpg	0.0	248.0	421.0	1.69230769231	2.0	330616.0
1484	1484	39.0	475.jpg	0.0	228.0	334.0	1.5	2.0	249696.0
683	683	44.0	493.jpg	0.0	281.0	399.0	1.45891783567	4.0	363272.0
694	694	28.0	868.jpg	0.0	251.0	392.0	1.49023861171	6.0	316707.0
1428	1428	47.0	954.jpg	0.0	271.0	336.0	1.28830645161	2.0	316944.0
1222	1222	46.0	1021.jpg	0.0	276.0	345.0	1.284	6.0	321000.0
171	171	45.0	1118.jpg	0.0	289.0	385.0	1.38535645472	7.0	373161.0
497	497	36.0	1258.jpg	0.0	235.0	350.0	1.49765258216	2.0	271788.0
158	158	29.0	34.jpg	0.0	418.0	254.0	0.51205510907	2.0	388466.0
848	848	27.0	371.jpg	0.0	434.0	242.0	0.477741585233	3.0	405240.0
702	702	28.0	376.jpg	0.0	447.0	236.0	0.456762749446	2.0	371624.0
495	495	25.0	738.jpg	0.0	332.0	201.0	0.475912408759	2.0	223310.0
681	681	30.0	788.jpg	0.0	428.0	266.0	0.5125	2.0	396880.0
1551	1551	25.0	971.jpg	0.0	408.0	228.0	0.463443396226	1.0	333264.0
1485	1485	25.0	1004.jpg	0.0	464.0	275.0	0.505894962487	3.0	440376.0
1582	1582	24.0	1096.jpg	0.0	417.0	215.0	0.454221165279	2.0	321262.0
154	154	31.0	1302.jpg	0.0	337.0	194.0	0.474926253687	1.0	218316.0
224	224	22.0	1396.jpg	0.0	435.0	255.0	0.520089285714	2.0	417536.0
643	643	29.0	334.jpg	0.0	199.0	240.0	1.27906976744	2.0	151360.0
97	97	37.0	357.jpg	0.0	186.0	208.0	1.2071197411	0.0	115257.0
113	113	37.0	374.jpg	0.0	186.0	221.0	1.21518987342	1.0	121344.0
1076	1076	33.0	394.jpg	0.0	200.0	252.0	1.34482758621	1.0	162864.0
588	588	33.0	646.jpg	0.0	175.0	208.0	1.20930232558	0.0	109564.0
786	786	39.0	717.jpg	0.0	216.0	239.0	1.10427807487	2.0	154462.0
900	900	31.0	1124.jpg	0.0	197.0	210.0	1.19207317073	2.0	128248.0
670	670	36.0	1255.jpg	0.0	166.0	205.0	1.32028469751	2.0	104251.0
796	796	31.0	1550.jpg	0.0	201.0	257.0	1.31339031339	1.0	161811.0
266	266	29.0	1566.jpg	0.0	199.0	237.0	1.25214899713	2.0	152513.0
1204	1204	42.0	37.jpg	0.0	821.0	101.0	0.0885135135135	0.0	193880.0
610	610	49.0	196.jpg	0.0	886.0	95.0	0.0781448538755	0.0	193602.0
1178	1178	51.0	199.jpg	0.0	760.0	108.0	0.122861586314	0.0	203188.0
556	556	52.0	412.jpg	0.0	752.0	103.0	0.116402116402	0.0	203742.0
25	25	49.0	423.jpg	0.0	740.0	119.0	0.14663256607	0.0	201756.0
859	859	46.0	454.jpg	0.0	779.0	100.0	0.107511045655	0.0	198268.0
1403	1403	57.0	464.jpg	0.0	770.0	107.0	0.1264	0.0	197500.0
1522	1522	46.0	1034.jpg	0.0	820.0	107.0	0.0940288263555	0.0	199609.0
860	860	43.0	1039.jpg	0.0	887.0	91.0	0.0816195372751	0.0	197612.0
278	278	53.0	1488.jpg	0.0	722.0	113.0	0.127287191726	1.0	201120.0
107	107	46.0	18.jpg	0.0	350.0	237.0	0.543126684636	3.0	299026.0
927	927	36.0	175.jpg	0.0	407.0	282.0	0.570462232244	3.0	448822.0
782	782	47.0	286.jpg	0.0	401.0	272.0	0.533632286996	1.0	424592.0
101	101	46.0	341.jpg	0.0	407.0	264.0	0.496732026144	3.0	418608.0
620	620	42.0	443.jpg	0.0	555.0	276.0	0.53399122807	1.0	444144.0
411	411	46.0	488.jpg	0.0	423.0	281.0	0.505353319058	3.0	440848.0
1377	1377	53.0	672.jpg	0.0	415.0	275.0	0.521505376344	3.0	451050.0
133	133	48.0	747.jpg	0.0	412.0	238.0	0.47990815155	2.0	364078.0
887	887	50.0	758.jpg	0.0	606.0	281.0	0.513931888545	2.0	482562.0
1469	1469	37.0	1097.jpg	0.0	397.0	256.0	0.530321046373	3.0	375086.0
406	406	20.0	339.jpg	0.0	131.0	178.0	1.44897959184	0.0	55664.0
222	222	23.0	415.jpg	0.0	128.0	183.0	1.39336492891	1.0	62034.0
1511	1511	16.0	461.jpg	0.0	134.0	180.0	1.36018957346	1.0	60557.0
604	604	17.0	615.jpg	0.0	137.0	175.0	1.35944700461	2.0	64015.0
570	570	21.0	621.jpg	0.0	145.0	210.0	1.4672489083	2.0	76944.0
1003	1003	19.0	1013.jpg	0.0	151.0	189.0	1.30962343096	0.0	74807.0
1250	1250	21.0	1052.jpg	0.0	119.0	171.0	1.39473684211	0.0	50350.0
531	531	23.0	1213.jpg	0.0	145.0	182.0	1.20168067227	2.0	68068.0
448	448	18.0	1393.jpg	0.0	135.0	198.0	1.60975609756	2.0	67650.0
54	54	18.0	1473.jpg	0.0	136.0	175.0	1.28828828829	2.0	63492.0
1088	1088	31.0	73.jpg	0.0	490.0	152.0	0.297076023392	1.0	217170.0
489	489	28.0	143.jpg	0.0	497.0	168.0	0.297798377752	0.0	221791.0
223	223	30.0	380.jpg	0.0	490.0	159.0	0.295790671217	0.0	228540.0
705	705	38.0	558.jpg	0.0	402.0	169.0	0.407202216066	0.0	212268.0
1554	1554	43.0	765.jpg	0.0	451.0	167.0	0.357692307692	0.0	217620.0
817	817	36.0	969.jpg	0.0	472.0	162.0	0.330049261084	1.0	217616.0
1091	1091	29.0	992.jpg	0.0	459.0	174.0	0.352300242131	1.0	240366.0
677	677	36.0	1119.jpg	0.0	419.0	173.0	0.371202113606	0.0	212717.0
245	245	41.0	1179.jpg	0.0	431.0	174.0	0.355128205128	1.0	216060.0
756	756	36.0	1367.jpg	0.0	479.0	158.0	0.31124260355	0.0	222235.0
338	338	34.0	425.jpg	0.0	656.0	256.0	0.376910016978	13.0	523032.0
687	687	39.0	592.jpg	0.0	568.0	271.0	0.4493731919	8.0	483242.0
988	988	33.0	769.jpg	0.0	713.0	235.0	0.343876723439	11.0	522792.0
63	63	35.0	926.jpg	0.0	544.0	247.0	0.456967213115	16.0	435296.0
536	536	34.0	1087.jpg	0.0	477.0	232.0	0.482961222092	11.0	349761.0
1573	1573	26.0	1153.jpg	0.0	489.0	212.0	0.424242424242	8.0	362208.0
1545	1545	32.0	1229.jpg	0.0	511.0	226.0	0.444565217391	11.0	376280.0
1051	1051	31.0	1273.jpg	1.0	685.0	271.0	0.416064257028	15.0	644910.0
309	309	28.0	1296.jpg	1.0	581.0	255.0	0.428835489834	14.0	502048.0
685	685	32.0	1511.jpg	0.0	617.0	264.0	0.436997319035	13.0	547191.0
75	75	40.0	61.jpg	0.0	320.0	199.0	0.597222222222	3.0	198144.0
1110	1110	37.0	100.jpg	0.0	359.0	201.0	0.581395348837	3.0	210700.0
177	177	41.0	115.jpg	0.0	277.0	195.0	0.692307692308	2.0	187200.0
1112	1112	35.0	153.jpg	0.0	337.0	194.0	0.571912013536	2.0	199758.0
126	126	37.0	169.jpg	0.0	322.0	189.0	0.549180327869	1.0	204350.0
655	655	37.0	249.jpg	0.0	302.0	193.0	0.61717352415	2.0	192855.0
1046	1046	31.0	566.jpg	0.0	326.0	201.0	0.578859060403	3.0	205620.0
1106	1106	36.0	1175.jpg	0.0	301.0	186.0	0.597539543058	2.0	193460.0
1004	1004	39.0	1277.jpg	0.0	333.0	196.0	0.555555555556	3.0	202005.0
1100	1100	33.0	1425.jpg	0.0	341.0	192.0	0.552166934189	3.0	214312.0
1368	1368	82.0	58.jpg	0.0	247.0	220.0	0.8820861678	1.0	171549.0
949	949	73.0	88.jpg	0.0	236.0	223.0	0.891705069124	1.0	167958.0
846	846	80.0	242.jpg	0.0	230.0	230.0	0.946009389671	1.0	171678.0
829	829	74.0	398.jpg	0.0	232.0	212.0	0.889655172414	1.0	168345.0
1549	1549	85.0	427.jpg	0.0	230.0	236.0	0.973747016706	1.0	170952.0
514	514	72.0	551.jpg	0.0	237.0	211.0	0.868360277136	1.0	162808.0
1290	1290	79.0	582.jpg	0.0	247.0	206.0	0.840449438202	1.0	166430.0
1218	1218	76.0	914.jpg	0.0	237.0	209.0	0.849315068493	1.0	162936.0
1057	1057	82.0	1094.jpg	0.0	240.0	220.0	0.901376146789	1.0	171348.0
753	753	82.0	1471.jpg	0.0	241.0	220.0	0.890660592255	1.0	171649.0
1515	1515	52.0	42.jpg	0.0	492.0	255.0	0.487206823028	1.0	428666.0
89	89	44.0	450.jpg	0.0	327.0	174.0	0.44167962675	1.0	182612.0
1425	1425	61.0	513.jpg	0.0	461.0	230.0	0.470588235294	1.0	353736.0
447	447	52.0	662.jpg	0.0	450.0	219.0	0.435428571429	1.0	333375.0
1517	1517	66.0	737.jpg	0.0	466.0	263.0	0.547928994083	1.0	391235.0
515	515	65.0	745.jpg	0.0	493.0	261.0	0.498378378378	2.0	426425.0
971	971	49.0	800.jpg	0.0	500.0	236.0	0.434647302905	2.0	403916.0
293	293	55.0	1256.jpg	0.0	492.0	262.0	0.481288981289	1.0	445406.0
1381	1381	49.0	1405.jpg	0.0	495.0	241.0	0.436781609195	2.0	400026.0
1453	1453	69.0	1461.jpg	0.0	468.0	289.0	0.590401785714	1.0	473984.0
271	271	60.0	71.jpg	0.0	274.0	204.0	0.672828096118	0.0	196924.0
193	193	56.0	273.jpg	0.0	274.0	202.0	0.689265536723	0.0	194346.0
98	98	55.0	614.jpg	0.0	314.0	189.0	0.59375	1.0	196992.0
328	328	53.0	757.jpg	0.0	306.0	194.0	0.561666666667	1.0	202200.0
998	998	60.0	881.jpg	0.0	287.0	192.0	0.625886524823	1.0	199092.0
1518	1518	55.0	932.jpg	0.0	279.0	205.0	0.674115456238	1.0	194394.0
1498	1498	51.0	1169.jpg	0.0	294.0	192.0	0.572147651007	0.0	203236.0
1528	1528	55.0	1345.jpg	0.0	292.0	190.0	0.541598694943	1.0	203516.0
1436	1436	55.0	1398.jpg	0.0	293.0	196.0	0.629432624113	0.0	200220.0
1279	1279	65.0	1527.jpg	0.0	285.0	196.0	0.650735294118	1.0	192576.0
533	533	69.0	217.jpg	0.0	338.0	215.0	0.527065527066	1.0	259740.0
181	181	46.0	463.jpg	0.0	306.0	172.0	0.504504504505	0.0	155400.0
758	758	50.0	467.jpg	0.0	349.0	187.0	0.462686567164	0.0	207700.0
790	790	46.0	523.jpg	0.0	336.0	185.0	0.491114701131	0.0	188176.0
1531	1531	47.0	635.jpg	0.0	378.0	165.0	0.376912378303	1.0	194849.0
675	675	48.0	677.jpg	0.0	407.0	182.0	0.409333333333	1.0	230250.0
456	456	53.0	837.jpg	0.0	344.0	194.0	0.503039513678	0.0	217798.0
557	557	65.0	939.jpg	0.0	369.0	223.0	0.527590847914	3.0	291256.0
493	493	58.0	972.jpg	0.0	314.0	187.0	0.501567398119	2.0	204160.0
1090	1090	49.0	1208.jpg	0.0	339.0	202.0	0.492795389049	0.0	237348.0
87	87	65.0	60.jpg	0.0	293.0	198.0	0.683712121212	1.0	190608.0
38	38	65.0	224.jpg	0.0	313.0	203.0	0.667286245353	1.0	193142.0
151	151	72.0	360.jpg	0.0	342.0	202.0	0.654740608229	2.0	204594.0
380	380	68.0	552.jpg	0.0	298.0	208.0	0.72030651341	2.0	196272.0
1087	1087	68.0	572.jpg	0.0	325.0	193.0	0.629963898917	2.0	193346.0
1086	1086	60.0	622.jpg	0.0	333.0	194.0	0.613879003559	1.0	193890.0
646	646	69.0	831.jpg	0.0	314.0	206.0	0.662983425414	1.0	195480.0
965	965	52.0	1112.jpg	0.0	332.0	201.0	0.599309153713	2.0	200913.0
462	462	72.0	1386.jpg	0.0	319.0	196.0	0.650273224044	2.0	195993.0
955	955	67.0	1431.jpg	0.0	338.0	189.0	0.595818815331	2.0	196308.0
582	582	20.0	218.jpg	3.0	246.0	329.0	1.44202898551	6.0	247158.0
1369	1369	24.0	366.jpg	2.0	281.0	280.0	1.02474226804	4.0	241045.0
32	32	19.0	630.jpg	2.0	277.0	274.0	1.10412147505	6.0	234649.0
953	953	27.0	709.jpg	1.0	245.0	299.0	1.276849642	7.0	224165.0
1314	1314	18.0	721.jpg	1.0	269.0	291.0	1.06638115632	6.0	232566.0
1519	1519	26.0	968.jpg	2.0	266.0	302.0	1.13490364026	5.0	247510.0
1181	1181	19.0	1017.jpg	1.0	258.0	303.0	1.08771929825	9.0	226176.0
689	689	23.0	1066.jpg	3.0	260.0	293.0	1.08176100629	6.0	246132.0
1466	1466	25.0	1284.jpg	2.0	281.0	292.0	1.0101010101	7.0	247500.0
77	77	16.0	1372.jpg	4.0	291.0	335.0	1.20198019802	5.0	306535.0
1570	1570	54.0	49.jpg	0.0	129.0	231.0	2.12	0.0	84800.0
1213	1213	51.0	419.jpg	0.0	152.0	266.0	2.13636363636	0.0	125114.0
1344	1344	55.0	553.jpg	0.0	137.0	260.0	2.44600938967	0.0	110973.0
279	279	54.0	571.jpg	0.0	118.0	217.0	2.25423728814	0.0	70623.0
605	605	58.0	792.jpg	0.0	132.0	232.0	2.12376237624	0.0	86658.0
1311	1311	57.0	1132.jpg	0.0	131.0	228.0	2.35789473684	0.0	85120.0
9	9	54.0	1263.jpg	0.0	116.0	215.0	2.22988505747	0.0	67512.0
1370	1370	45.0	1355.jpg	0.0	114.0	213.0	2.36094674556	0.0	67431.0
1407	1407	61.0	1392.jpg	0.0	136.0	245.0	2.34466019417	0.0	99498.0
1540	1540	46.0	1460.jpg	0.0	124.0	213.0	2.23976608187	0.0	65493.0
1581	1581	53.0	56.jpg	1.0	366.0	149.0	0.320905459387	0.0	180991.0
460	460	54.0	289.jpg	1.0	461.0	174.0	0.304761904762	0.0	272160.0
1017	1017	60.0	678.jpg	1.0	452.0	225.0	0.347357065804	0.0	298494.0
1191	1191	41.0	689.jpg	0.0	407.0	132.0	0.244552058111	2.0	166852.0
1079	1079	37.0	720.jpg	0.0	425.0	161.0	0.276404494382	1.0	218940.0
520	520	39.0	752.jpg	0.0	366.0	166.0	0.327516778523	0.0	181780.0
912	912	43.0	771.jpg	0.0	432.0	116.0	0.246462264151	1.0	177232.0
979	979	44.0	844.jpg	0.0	381.0	143.0	0.284759358289	1.0	159324.0
658	658	43.0	882.jpg	0.0	391.0	122.0	0.239348370927	2.0	152418.0
878	878	49.0	1239.jpg	0.0	434.0	161.0	0.306074766355	1.0	224272.0
322	322	50.0	173.jpg	0.0	439.0	145.0	0.279151943463	1.0	201213.0
1475	1475	55.0	302.jpg	0.0	444.0	141.0	0.280339805825	0.0	190344.0
114	114	56.0	588.jpg	0.0	371.0	155.0	0.411589895988	0.0	186421.0
920	920	58.0	606.jpg	0.0	359.0	160.0	0.388571428571	0.0	190400.0
339	339	47.0	760.jpg	0.0	396.0	143.0	0.345060893099	1.0	188445.0
960	960	47.0	797.jpg	0.0	471.0	149.0	0.259343148358	1.0	202207.0
1389	1389	62.0	996.jpg	0.0	349.0	160.0	0.419259259259	0.0	191025.0
1487	1487	57.0	1186.jpg	0.0	395.0	149.0	0.328104575163	0.0	192015.0
1492	1492	61.0	1378.jpg	0.0	393.0	146.0	0.310828025478	1.0	191540.0
1082	1082	56.0	1452.jpg	0.0	377.0	157.0	0.389204545455	0.0	192896.0
1007	1007	56.0	265.jpg	0.0	353.0	196.0	0.461200585652	2.0	215145.0
29	29	54.0	310.jpg	0.0	315.0	168.0	0.432835820896	1.0	157383.0
1036	1036	45.0	393.jpg	0.0	320.0	159.0	0.437810945274	1.0	159192.0
1391	1391	58.0	660.jpg	0.0	309.0	173.0	0.48951048951	1.0	160160.0
1220	1220	52.0	772.jpg	0.0	310.0	171.0	0.45746388443	2.0	177555.0
226	226	55.0	904.jpg	0.0	314.0	211.0	0.546952224053	1.0	201524.0
1127	1127	56.0	1080.jpg	0.0	316.0	144.0	0.407094594595	2.0	142672.0
1329	1329	43.0	1344.jpg	0.0	337.0	162.0	0.394984326019	1.0	160776.0
1568	1568	57.0	1373.jpg	0.0	321.0	189.0	0.475155279503	2.0	197064.0
901	901	47.0	1514.jpg	0.0	287.0	160.0	0.487179487179	2.0	145236.0
1432	1432	38.0	25.jpg	0.0	366.0	214.0	0.582959641256	0.0	260910.0
176	176	39.0	45.jpg	0.0	410.0	245.0	0.612535612536	1.0	301860.0
261	261	48.0	258.jpg	0.0	331.0	225.0	0.641196013289	0.0	232372.0
736	736	36.0	335.jpg	0.0	353.0	228.0	0.632	0.0	246875.0
1235	1235	31.0	437.jpg	0.0	391.0	254.0	0.651851851852	1.0	297000.0
1534	1534	40.0	516.jpg	0.0	344.0	228.0	0.656910569106	2.0	248460.0
939	939	43.0	623.jpg	0.0	382.0	217.0	0.585626911315	1.0	250482.0
1541	1541	35.0	774.jpg	0.0	412.0	238.0	0.570644718793	2.0	303264.0
316	316	35.0	1202.jpg	0.0	352.0	209.0	0.614767255217	1.0	238609.0
600	600	38.0	1289.jpg	0.0	331.0	196.0	0.566037735849	0.0	192390.0
340	340	41.0	116.jpg	0.0	299.0	211.0	0.72037037037	3.0	210060.0
907	907	41.0	178.jpg	0.0	303.0	206.0	0.672443674177	3.0	223876.0
69	69	30.0	413.jpg	0.0	318.0	207.0	0.719658119658	3.0	246285.0
68	68	40.0	462.jpg	0.0	321.0	191.0	0.630691399663	3.0	221782.0
871	871	29.0	532.jpg	0.0	312.0	213.0	0.72384219554	4.0	246026.0
863	863	36.0	645.jpg	0.0	301.0	209.0	0.712041884817	3.0	233784.0
1069	1069	38.0	806.jpg	0.0	314.0	193.0	0.648788927336	4.0	216750.0
255	255	31.0	1309.jpg	1.0	316.0	198.0	0.698961937716	2.0	233512.0
562	562	30.0	1319.jpg	0.0	321.0	195.0	0.679930795848	4.0	227154.0
52	52	25.0	1536.jpg	0.0	334.0	202.0	0.692699490662	5.0	240312.0
444	444	21.0	155.jpg	0.0	350.0	205.0	0.564227642276	0.0	213405.0
693	693	21.0	248.jpg	0.0	324.0	181.0	0.533453887884	1.0	163135.0
463	463	21.0	600.jpg	0.0	398.0	204.0	0.510204081633	0.0	240100.0
1134	1134	20.0	910.jpg	0.0	304.0	180.0	0.596837944664	0.0	152812.0
486	486	28.0	963.jpg	0.0	352.0	192.0	0.520661157025	0.0	190575.0
967	967	21.0	1325.jpg	0.0	368.0	245.0	0.631578947368	1.0	279300.0
845	845	25.0	1346.jpg	0.0	377.0	218.0	0.552395209581	0.0	246492.0
461	461	32.0	1349.jpg	0.0	329.0	191.0	0.56183745583	0.0	179988.0
17	17	25.0	1438.jpg	0.0	339.0	211.0	0.58904109589	0.0	200896.0
111	111	20.0	1501.jpg	0.0	368.0	196.0	0.526479750779	1.0	216996.0
1455	1455	59.0	106.jpg	0.0	138.0	206.0	1.68055555556	0.0	78408.0
385	385	57.0	231.jpg	0.0	139.0	211.0	1.85714285714	0.0	81900.0
619	619	60.0	697.jpg	0.0	134.0	211.0	1.71627906977	0.0	79335.0
1011	1011	56.0	789.jpg	0.0	146.0	225.0	1.74468085106	0.0	96350.0
1338	1338	51.0	1056.jpg	0.0	137.0	203.0	1.71014492754	0.0	73278.0
691	691	70.0	1250.jpg	0.0	153.0	238.0	1.70588235294	0.0	96628.0
703	703	51.0	1347.jpg	0.0	136.0	208.0	1.65258215962	0.0	74976.0
474	474	50.0	1360.jpg	0.0	134.0	214.0	1.93069306931	0.0	78780.0
481	481	57.0	1463.jpg	0.0	149.0	221.0	1.65789473684	0.0	86184.0
1527	1527	54.0	1574.jpg	0.0	134.0	227.0	1.91133004926	0.0	78764.0
1132	1132	7.0	124.jpg	5.0	616.0	651.0	0.82504145937	0.0	1199970.0
417	417	9.0	219.jpg	4.0	539.0	488.0	0.726824457594	2.0	747318.0
1525	1525	9.0	358.jpg	4.0	483.0	469.0	0.777899343545	2.0	649854.0
1099	1099	11.0	396.jpg	4.0	440.0	515.0	0.857808857809	2.0	631488.0
21	21	9.0	568.jpg	4.0	625.0	622.0	0.784446322908	1.0	1097824.0
1480	1480	8.0	573.jpg	5.0	624.0	655.0	0.856073211314	0.0	1236858.0
1062	1062	10.0	827.jpg	4.0	475.0	530.0	0.829134720701	1.0	691141.0
267	267	16.0	1197.jpg	4.0	579.0	576.0	0.758744394619	1.0	943290.0
761	761	9.0	1350.jpg	5.0	599.0	612.0	0.866371681416	0.0	1106270.0
24	24	15.0	1391.jpg	4.0	577.0	644.0	0.829955947137	1.0	1069170.0
765	765	43.0	48.jpg	2.0	494.0	471.0	0.948553054662	3.0	825705.0
1252	1252	34.0	85.jpg	0.0	381.0	370.0	0.96633941094	5.0	491257.0
755	755	45.0	122.jpg	2.0	486.0	486.0	0.974054054054	3.0	833425.0
1197	1197	30.0	212.jpg	2.0	431.0	410.0	0.881707317073	5.0	592860.0
104	104	44.0	430.jpg	2.0	513.0	496.0	0.914807302231	3.0	889372.0
1464	1464	51.0	501.jpg	2.0	488.0	489.0	1.00782997763	3.0	805494.0
1318	1318	53.0	538.jpg	0.0	443.0	473.0	1.09397590361	4.0	753640.0
1544	1544	50.0	722.jpg	2.0	547.0	508.0	0.864374403056	3.0	947535.0
802	802	55.0	794.jpg	0.0	445.0	426.0	0.88023255814	5.0	651020.0
1340	1340	37.0	878.jpg	1.0	412.0	364.0	0.85140562249	6.0	475092.0
1577	1577	76.0	149.jpg	0.0	508.0	221.0	0.404588112617	0.0	372092.0
7	7	79.0	252.jpg	0.0	575.0	261.0	0.408	0.0	516375.0
1538	1538	68.0	325.jpg	0.0	518.0	213.0	0.367617107943	0.0	354502.0
615	615	76.0	348.jpg	0.0	529.0	220.0	0.374625374625	0.0	375375.0
1119	1119	69.0	519.jpg	0.0	463.0	220.0	0.422196796339	0.0	322506.0
1102	1102	81.0	585.jpg	0.0	527.0	222.0	0.39387755102	0.0	378280.0
425	425	77.0	597.jpg	0.0	494.0	227.0	0.424672489083	1.0	356324.0
576	576	76.0	811.jpg	0.0	461.0	212.0	0.417249417249	0.0	307164.0
1413	1413	88.0	908.jpg	0.0	534.0	228.0	0.409138110073	0.0	379422.0
975	975	78.0	1131.jpg	0.0	487.0	225.0	0.4293598234	0.0	352434.0
1358	1358	48.0	233.jpg	0.0	396.0	173.0	0.34328358209	0.0	221904.0
1028	1028	50.0	241.jpg	0.0	360.0	181.0	0.404137931034	0.0	212425.0
1183	1183	57.0	410.jpg	0.0	354.0	170.0	0.374834437086	0.0	213665.0
1405	1405	59.0	428.jpg	0.0	347.0	180.0	0.409722222222	0.0	212400.0
990	990	50.0	616.jpg	0.0	354.0	180.0	0.403068340307	0.0	207213.0
442	442	55.0	619.jpg	0.0	341.0	177.0	0.421348314607	0.0	213600.0
1251	1251	57.0	1036.jpg	0.0	349.0	180.0	0.428368794326	0.0	212910.0
1257	1257	58.0	1147.jpg	0.0	325.0	176.0	0.434654919236	0.0	201576.0
374	374	63.0	1394.jpg	0.0	340.0	186.0	0.431009957326	1.0	213009.0
334	334	50.0	1483.jpg	0.0	352.0	164.0	0.373697916667	0.0	220416.0
421	421	80.0	214.jpg	0.0	464.0	279.0	0.583429228999	1.0	440583.0
783	783	56.0	328.jpg	0.0	571.0	313.0	0.584362139918	3.0	552096.0
244	244	66.0	363.jpg	0.0	421.0	251.0	0.55684754522	2.0	333594.0
150	150	75.0	809.jpg	0.0	542.0	317.0	0.615879828326	2.0	534968.0
1107	1107	74.0	854.jpg	0.0	563.0	306.0	0.594882729211	2.0	523404.0
1171	1171	60.0	856.jpg	0.0	534.0	278.0	0.532550693703	2.0	467563.0
1565	1565	55.0	1031.jpg	0.0	512.0	273.0	0.580304806565	2.0	422235.0
889	889	69.0	1206.jpg	0.0	491.0	264.0	0.545662100457	1.0	418728.0
1398	1398	61.0	1219.jpg	0.0	541.0	320.0	0.591563786008	1.0	558900.0
897	897	72.0	1384.jpg	0.0	445.0	261.0	0.556085918854	2.0	390508.0
929	929	60.0	8.jpg	0.0	403.0	228.0	0.509186351706	0.0	295656.0
1396	1396	51.0	256.jpg	0.0	360.0	200.0	0.503725782414	0.0	226798.0
668	668	56.0	338.jpg	0.0	447.0	217.0	0.456441717791	0.0	303180.0
1307	1307	55.0	411.jpg	0.0	459.0	210.0	0.452088452088	0.0	299552.0
1448	1448	55.0	562.jpg	0.0	411.0	214.0	0.477003942181	1.0	276243.0
954	954	49.0	748.jpg	0.0	489.0	219.0	0.427922814983	1.0	332137.0
512	512	53.0	749.jpg	0.0	464.0	217.0	0.453670276775	1.0	313287.0
673	673	60.0	874.jpg	0.0	433.0	229.0	0.480906921241	1.0	337714.0
919	919	55.0	1049.jpg	0.0	401.0	215.0	0.485564304462	0.0	281940.0
834	834	73.0	1575.jpg	0.0	375.0	226.0	0.526603001364	0.0	282938.0
76	76	38.0	304.jpg	0.0	324.0	287.0	0.767267267267	2.0	340326.0
1337	1337	34.0	390.jpg	1.0	277.0	257.0	0.850987432675	1.0	264018.0
198	198	44.0	550.jpg	0.0	417.0	370.0	0.747276688453	8.0	629748.0
57	57	50.0	711.jpg	1.0	487.0	438.0	0.796078431373	6.0	828240.0
122	122	44.0	716.jpg	0.0	340.0	332.0	0.822404371585	3.0	440664.0
1027	1027	36.0	981.jpg	0.0	264.0	271.0	0.882246376812	1.0	268824.0
392	392	38.0	1173.jpg	0.0	340.0	310.0	0.830056179775	4.0	420792.0
792	792	32.0	1228.jpg	0.0	288.0	283.0	0.8272	2.0	323125.0
204	204	48.0	1254.jpg	0.0	389.0	344.0	0.775534441805	2.0	549826.0
733	733	40.0	1440.jpg	0.0	409.0	367.0	0.783018867925	3.0	563072.0
630	630	49.0	342.jpg	0.0	78.0	217.0	3.7	0.0	44770.0
1506	1506	40.0	449.jpg	0.0	95.0	236.0	3.26153846154	0.0	55120.0
785	785	38.0	502.jpg	0.0	110.0	269.0	3.28571428571	0.0	77924.0
213	213	37.0	633.jpg	0.0	102.0	177.0	2.85840707965	0.0	36499.0
1379	1379	42.0	732.jpg	0.0	105.0	205.0	2.84848484848	0.0	49632.0
178	178	37.0	931.jpg	0.0	84.0	212.0	3.66972477064	0.0	43600.0
249	249	47.0	1032.jpg	0.0	95.0	224.0	3.6347826087	0.0	48070.0
1385	1385	46.0	1251.jpg	0.0	93.0	228.0	3.31578947368	0.0	58653.0
1347	1347	47.0	1499.jpg	0.0	81.0	233.0	3.86842105263	0.0	50274.0
1404	1404	40.0	1505.jpg	0.0	86.0	231.0	3.96363636364	0.0	47960.0
1163	1163	41.0	26.jpg	0.0	322.0	178.0	0.455098934551	0.0	196443.0
123	123	40.0	269.jpg	0.0	358.0	185.0	0.447931526391	0.0	220114.0
128	128	41.0	520.jpg	0.0	364.0	223.0	0.516960651289	0.0	280797.0
269	269	36.0	609.jpg	0.0	328.0	172.0	0.447409733124	0.0	181545.0
415	415	55.0	673.jpg	0.0	326.0	240.0	0.640179910045	0.0	284809.0
1162	1162	44.0	886.jpg	0.0	307.0	176.0	0.446808510638	0.0	166803.0
230	230	40.0	952.jpg	0.0	349.0	190.0	0.479411764706	0.0	221680.0
78	78	43.0	1014.jpg	0.0	317.0	186.0	0.468944099379	0.0	194488.0
414	414	38.0	1271.jpg	0.0	394.0	210.0	0.484888304862	1.0	280809.0
1146	1146	30.0	1330.jpg	0.0	362.0	189.0	0.467741935484	0.0	217558.0
776	776	39.0	30.jpg	0.0	305.0	226.0	0.623115577889	2.0	222084.0
1342	1342	42.0	294.jpg	0.0	280.0	224.0	0.699288256228	2.0	220866.0
1012	1012	39.0	367.jpg	0.0	270.0	225.0	0.665546218487	3.0	235620.0
1184	1184	33.0	455.jpg	0.0	294.0	229.0	0.644518272425	3.0	233576.0
814	814	36.0	559.jpg	0.0	294.0	230.0	0.658743633277	3.0	228532.0
189	189	38.0	656.jpg	0.0	270.0	218.0	0.697552447552	3.0	228228.0
1125	1125	52.0	740.jpg	0.0	261.0	227.0	0.754752851711	3.0	208822.0
311	311	36.0	933.jpg	0.0	305.0	226.0	0.63711001642	3.0	236292.0
608	608	36.0	970.jpg	0.0	287.0	235.0	0.649350649351	3.0	246400.0
891	891	38.0	994.jpg	0.0	288.0	247.0	0.717277486911	2.0	235503.0
105	105	21.0	237.jpg	0.0	253.0	290.0	1.17272727273	3.0	227040.0
1136	1136	15.0	388.jpg	0.0	244.0	287.0	1.21276595745	2.0	216999.0
1327	1327	19.0	440.jpg	0.0	260.0	291.0	1.15299334812	3.0	234520.0
873	873	17.0	530.jpg	0.0	267.0	282.0	1.10444444444	3.0	223650.0
509	509	17.0	561.jpg	0.0	260.0	281.0	1.13274336283	3.0	231424.0
1402	1402	20.0	694.jpg	0.0	263.0	284.0	1.14444444444	5.0	231750.0
1501	1501	22.0	1001.jpg	0.0	249.0	286.0	1.18264840183	2.0	226884.0
1284	1284	21.0	1223.jpg	0.0	246.0	283.0	1.18367346939	2.0	230202.0
935	935	20.0	1521.jpg	0.0	255.0	272.0	1.05133928571	2.0	211008.0
201	201	22.0	1545.jpg	0.0	253.0	293.0	1.20541760722	4.0	236562.0
952	952	24.0	188.jpg	0.0	227.0	262.0	1.11734693878	3.0	171696.0
298	298	26.0	282.jpg	0.0	248.0	316.0	1.19413092551	6.0	234347.0
132	132	27.0	397.jpg	0.0	238.0	306.0	1.27505827506	6.0	234663.0
1190	1190	24.0	470.jpg	0.0	197.0	288.0	1.44674556213	5.0	165282.0
1321	1321	23.0	601.jpg	0.0	214.0	266.0	1.27272727273	4.0	167706.0
168	168	26.0	634.jpg	0.0	239.0	323.0	1.24009324009	5.0	228228.0
723	723	30.0	712.jpg	0.0	245.0	310.0	1.22041763341	6.0	226706.0
544	544	34.0	883.jpg	0.0	211.0	332.0	1.54076086957	4.0	208656.0
90	90	33.0	985.jpg	0.0	247.0	310.0	1.22458628842	4.0	219114.0
1269	1269	25.0	1413.jpg	0.0	214.0	272.0	1.27173913043	3.0	172224.0
635	635	34.0	81.jpg	0.0	468.0	208.0	0.37106918239	3.0	337716.0
400	400	21.0	145.jpg	0.0	494.0	221.0	0.369739478958	4.0	368262.0
526	526	23.0	456.jpg	0.0	487.0	191.0	0.344755970924	2.0	319716.0
1303	1303	25.0	865.jpg	0.0	402.0	198.0	0.446362515413	3.0	293582.0
58	58	23.0	894.jpg	0.0	433.0	215.0	0.441916167665	5.0	308115.0
1059	1059	28.0	924.jpg	0.0	457.0	201.0	0.370737073707	2.0	306333.0
1095	1095	21.0	987.jpg	0.0	408.0	197.0	0.409147095179	2.0	267779.0
1375	1375	24.0	1286.jpg	0.0	507.0	238.0	0.399425287356	4.0	435348.0
157	157	26.0	1322.jpg	0.0	454.0	203.0	0.397244546498	4.0	301366.0
152	152	26.0	1340.jpg	0.0	481.0	229.0	0.457817772778	6.0	361823.0
704	704	22.0	80.jpg	0.0	477.0	289.0	0.564893617021	13.0	499140.0
1322	1322	28.0	542.jpg	0.0	326.0	171.0	0.427244582043	2.0	178296.0
1135	1135	32.0	859.jpg	0.0	417.0	248.0	0.547051442911	4.0	347492.0
1121	1121	33.0	1172.jpg	0.0	431.0	270.0	0.570257611241	4.0	415898.0
1394	1394	31.0	1324.jpg	0.0	407.0	216.0	0.457212713936	3.0	305932.0
1313	1313	29.0	1411.jpg	0.0	391.0	243.0	0.571428571429	4.0	308700.0
1053	1053	30.0	1414.jpg	0.0	348.0	202.0	0.494219653179	2.0	236664.0
80	80	30.0	1468.jpg	0.0	445.0	259.0	0.537037037037	5.0	400896.0
1489	1489	28.0	1496.jpg	0.0	365.0	241.0	0.606837606838	2.0	299052.0
798	798	33.0	1547.jpg	0.0	325.0	197.0	0.512539184953	1.0	208626.0
538	538	48.0	2.jpg	0.0	341.0	119.0	0.304276315789	0.0	112480.0
581	581	41.0	431.jpg	0.0	379.0	115.0	0.252148997135	0.0	122848.0
832	832	51.0	762.jpg	0.0	322.0	107.0	0.290657439446	0.0	97104.0
303	303	41.0	937.jpg	0.0	248.0	106.0	0.345814977974	0.0	71278.0
828	828	52.0	966.jpg	0.0	362.0	122.0	0.287425149701	0.0	128256.0
210	210	44.0	1023.jpg	0.0	371.0	125.0	0.282387190684	0.0	133278.0
1223	1223	44.0	1076.jpg	0.0	360.0	125.0	0.295964125561	0.0	132462.0
372	372	48.0	1328.jpg	0.0	294.0	114.0	0.315298507463	0.0	90584.0
1096	1096	43.0	1408.jpg	0.0	315.0	112.0	0.282495667244	0.0	94051.0
983	983	46.0	1518.jpg	0.0	346.0	123.0	0.295839753467	0.0	124608.0
742	742	24.0	21.jpg	0.0	348.0	210.0	0.508955223881	10.0	228470.0
134	134	26.0	134.jpg	0.0	326.0	187.0	0.501515151515	3.0	218460.0
934	934	22.0	260.jpg	0.0	355.0	197.0	0.5296875	6.0	216960.0
1297	1297	26.0	595.jpg	0.0	358.0	207.0	0.590301003344	8.0	211094.0
577	577	25.0	759.jpg	0.0	322.0	219.0	0.641868512111	7.0	214438.0
810	810	25.0	955.jpg	0.0	329.0	199.0	0.55023923445	9.0	216315.0
1308	1308	20.0	1134.jpg	0.0	383.0	216.0	0.474074074074	4.0	216000.0
1115	1115	25.0	1157.jpg	0.0	393.0	189.0	0.437317784257	2.0	205800.0
1015	1015	21.0	1310.jpg	0.0	389.0	188.0	0.445868945869	4.0	219726.0
665	665	30.0	1584.jpg	0.0	357.0	193.0	0.498456790123	3.0	209304.0
1467	1467	22.0	142.jpg	0.0	214.0	323.0	1.61559888579	0.0	208220.0
590	590	20.0	204.jpg	0.0	189.0	282.0	1.50625	3.0	154240.0
1300	1300	21.0	206.jpg	0.0	197.0	276.0	1.43620178042	0.0	163108.0
94	94	24.0	243.jpg	0.0	194.0	299.0	1.66972477064	0.0	178542.0
915	915	29.0	340.jpg	0.0	217.0	243.0	1.22702702703	0.0	167980.0
730	730	23.0	387.jpg	0.0	197.0	313.0	1.60058309038	1.0	188307.0
1384	1384	23.0	392.jpg	0.0	211.0	313.0	1.61218836565	1.0	210102.0
109	109	19.0	478.jpg	0.0	202.0	347.0	1.79768786127	2.0	215212.0
1189	1189	17.0	517.jpg	0.0	226.0	308.0	1.41902313625	2.0	214728.0
825	825	21.0	1457.jpg	0.0	198.0	298.0	1.60303030303	1.0	174570.0
1430	1430	36.0	75.jpg	0.0	212.0	288.0	1.52234636872	2.0	195110.0
356	356	35.0	133.jpg	0.0	208.0	310.0	1.66666666667	0.0	198375.0
516	516	53.0	508.jpg	0.0	209.0	290.0	1.49712643678	2.0	181308.0
1400	1400	28.0	728.jpg	0.0	210.0	293.0	1.5393258427	2.0	195088.0
1363	1363	32.0	849.jpg	0.0	226.0	272.0	1.36604774536	2.0	194155.0
1029	1029	32.0	861.jpg	0.0	221.0	263.0	1.37066666667	2.0	192750.0
1033	1033	35.0	958.jpg	0.0	241.0	259.0	1.17456359102	2.0	188871.0
1507	1507	32.0	1312.jpg	0.0	226.0	285.0	1.43665768194	2.0	197743.0
974	974	29.0	1374.jpg	0.0	235.0	277.0	1.29015544041	1.0	192228.0
951	951	29.0	1449.jpg	0.0	226.0	272.0	1.27249357326	2.0	192555.0
849	849	31.0	14.jpg	0.0	337.0	160.0	0.383808095952	0.0	170752.0
1557	1557	25.0	452.jpg	0.0	367.0	219.0	0.48132780083	10.0	251604.0
1414	1414	34.0	494.jpg	0.0	402.0	214.0	0.45125	5.0	288800.0
1199	1199	25.0	642.jpg	0.0	373.0	217.0	0.508990318119	10.0	266064.0
1556	1556	30.0	742.jpg	0.0	397.0	199.0	0.435339308579	0.0	265540.0
1242	1242	38.0	896.jpg	0.0	293.0	157.0	0.479789103691	1.0	155337.0
382	382	29.0	999.jpg	0.0	444.0	265.0	0.480628272251	11.0	438345.0
642	642	29.0	1205.jpg	0.0	352.0	194.0	0.465811965812	8.0	229554.0
866	866	26.0	1424.jpg	0.0	331.0	170.0	0.445482866044	4.0	183612.0
572	572	28.0	1507.jpg	27.0	344.0	176.0	0.435971223022	0.0	210585.0
1533	1533	40.0	10.jpg	0.0	440.0	184.0	0.381909547739	1.0	241984.0
735	735	43.0	76.jpg	0.0	441.0	160.0	0.299054373522	1.0	214038.0
41	41	43.0	139.jpg	0.0	418.0	203.0	0.451948051948	4.0	267960.0
274	274	32.0	179.jpg	0.0	352.0	143.0	0.382875605816	0.0	146703.0
103	103	32.0	596.jpg	0.0	367.0	155.0	0.369822485207	0.0	169000.0
1174	1174	27.0	826.jpg	0.0	383.0	180.0	0.407766990291	1.0	211974.0
1192	1192	41.0	848.jpg	0.0	180.0	396.0	2.48788927336	2.0	207791.0
1182	1182	42.0	948.jpg	0.0	427.0	192.0	0.4175	6.0	267200.0
162	162	43.0	1095.jpg	0.0	172.0	412.0	2.65972222222	0.0	220608.0
678	678	39.0	1358.jpg	0.0	378.0	152.0	0.35798816568	1.0	163592.0
855	855	29.0	228.jpg	0.0	511.0	208.0	0.359957401491	0.0	317382.0
200	200	34.0	492.jpg	0.0	506.0	199.0	0.405049396268	2.0	336159.0
741	741	29.0	766.jpg	0.0	567.0	215.0	0.371204701273	4.0	386959.0
1258	1258	26.0	815.jpg	0.0	478.0	201.0	0.387134502924	1.0	283005.0
1254	1254	36.0	825.jpg	0.0	529.0	223.0	0.383429672447	6.0	413124.0
331	331	21.0	863.jpg	0.0	478.0	213.0	0.374481327801	5.0	348004.0
870	870	25.0	1037.jpg	0.0	379.0	165.0	0.405775075988	0.0	175686.0
636	636	33.0	1048.jpg	0.0	461.0	192.0	0.397849462366	1.0	278721.0
202	202	28.0	1051.jpg	0.0	544.0	215.0	0.376899696049	7.0	367164.0
841	841	28.0	1508.jpg	0.0	565.0	226.0	0.389846743295	10.0	424908.0
1289	1289	25.0	165.jpg	0.0	435.0	181.0	0.423177083333	9.0	249600.0
1266	1266	25.0	240.jpg	4.0	397.0	195.0	0.499310344828	4.0	262450.0
1461	1461	24.0	548.jpg	2.0	508.0	205.0	0.36197021764	5.0	275868.0
1477	1477	29.0	667.jpg	0.0	427.0	189.0	0.376425855513	7.0	234333.0
1328	1328	16.0	897.jpg	0.0	554.0	175.0	0.288362512873	9.0	271880.0
47	47	20.0	901.jpg	0.0	442.0	176.0	0.363408521303	9.0	231420.0
184	184	27.0	1220.jpg	0.0	409.0	185.0	0.40522875817	7.0	237150.0
389	389	25.0	1283.jpg	4.0	410.0	209.0	0.464239271782	4.0	274533.0
93	93	21.0	1502.jpg	1.0	416.0	195.0	0.414322250639	6.0	253368.0
933	933	24.0	1554.jpg	0.0	424.0	186.0	0.388601036269	10.0	231600.0
428	428	49.0	168.jpg	0.0	455.0	178.0	0.317042606516	0.0	201894.0
579	579	57.0	283.jpg	0.0	385.0	183.0	0.369863013699	0.0	197100.0
450	450	62.0	326.jpg	0.0	384.0	159.0	0.377492877493	0.0	186030.0
186	186	53.0	458.jpg	0.0	381.0	165.0	0.375886524823	0.0	186825.0
764	764	56.0	675.jpg	0.0	402.0	168.0	0.368784530387	0.0	193308.0
407	407	69.0	821.jpg	0.0	415.0	185.0	0.370319001387	1.0	192507.0
499	499	60.0	923.jpg	0.0	403.0	175.0	0.386554621849	0.0	197064.0
121	121	57.0	1061.jpg	0.0	396.0	181.0	0.388121546961	1.0	203444.0
1120	1120	56.0	1291.jpg	0.0	410.0	162.0	0.338215712383	0.0	190754.0
1193	1193	61.0	1479.jpg	0.0	384.0	180.0	0.376912378303	0.0	194849.0
319	319	28.0	22.jpg	0.0	103.0	157.0	1.83448275862	0.0	38570.0
209	209	23.0	69.jpg	0.0	89.0	121.0	1.624	0.0	25375.0
34	34	22.0	87.jpg	0.0	106.0	169.0	1.88311688312	0.0	44660.0
1335	1335	20.0	632.jpg	0.0	110.0	170.0	1.92993630573	0.0	47571.0
1334	1334	24.0	840.jpg	0.0	104.0	157.0	1.71794871795	0.0	41808.0
139	139	23.0	1027.jpg	0.0	118.0	158.0	1.58241758242	0.0	52416.0
592	592	26.0	1083.jpg	0.0	106.0	160.0	1.75838926174	0.0	39038.0
1373	1373	25.0	1145.jpg	0.0	120.0	169.0	1.80722891566	0.0	49800.0
1441	1441	25.0	1257.jpg	0.0	90.0	149.0	1.88636363636	0.0	32868.0
864	864	22.0	1390.jpg	0.0	103.0	192.0	2.01829268293	0.0	54284.0
1245	1245	16.0	163.jpg	4.0	333.0	293.0	0.869955156951	5.0	389358.0
671	671	12.0	189.jpg	3.0	342.0	322.0	0.85911179173	3.0	366333.0
1111	1111	14.0	469.jpg	4.0	295.0	320.0	0.932692307692	4.0	363168.0
1009	1009	13.0	510.jpg	4.0	311.0	294.0	0.853846153846	4.0	360750.0
535	535	24.0	576.jpg	4.0	314.0	309.0	0.857364341085	3.0	356685.0
1001	1001	15.0	605.jpg	4.0	389.0	283.0	0.728650137741	3.0	384054.0
1215	1215	17.0	841.jpg	4.0	322.0	286.0	0.825617283951	3.0	346680.0
254	254	12.0	1007.jpg	4.0	377.0	294.0	0.769874476987	3.0	395784.0
347	347	18.0	1530.jpg	2.0	331.0	298.0	0.874622356495	4.0	383298.0
957	957	13.0	1539.jpg	5.0	338.0	325.0	0.869565217391	2.0	414000.0
1409	1409	24.0	63.jpg	1.0	368.0	175.0	0.519260400616	5.0	218713.0
1130	1130	27.0	129.jpg	0.0	324.0	177.0	0.492063492063	1.0	195300.0
207	207	18.0	257.jpg	0.0	304.0	182.0	0.527156549521	0.0	206580.0
247	247	30.0	369.jpg	0.0	319.0	182.0	0.515923566879	0.0	203472.0
1546	1546	36.0	382.jpg	0.0	309.0	172.0	0.515050167224	0.0	184184.0
938	938	40.0	426.jpg	0.0	277.0	175.0	0.576301615799	0.0	178797.0
163	163	33.0	755.jpg	0.0	284.0	190.0	0.623616236162	0.0	183196.0
1196	1196	22.0	768.jpg	0.0	348.0	171.0	0.538461538462	2.0	201019.0
684	684	36.0	1072.jpg	0.0	344.0	173.0	0.474258970359	0.0	194864.0
137	137	35.0	1142.jpg	0.0	305.0	174.0	0.550774526678	0.0	185920.0
986	986	45.0	270.jpg	0.0	102.0	302.0	3.87323943662	0.0	78100.0
404	404	42.0	309.jpg	0.0	95.0	226.0	3.275	0.0	47160.0
972	972	44.0	330.jpg	0.0	93.0	239.0	3.2196969697	0.0	56100.0
1488	1488	53.0	581.jpg	0.0	93.0	246.0	3.45161290323	0.0	53072.0
413	413	49.0	684.jpg	0.0	101.0	303.0	3.68456375839	0.0	81801.0
892	892	37.0	706.jpg	0.0	96.0	253.0	3.40145985401	0.0	63842.0
1226	1226	43.0	816.jpg	0.0	102.0	244.0	3.32061068702	0.0	56985.0
395	395	52.0	1110.jpg	0.0	102.0	272.0	3.38513513514	0.0	74148.0
1472	1472	55.0	1167.jpg	0.0	95.0	290.0	3.61267605634	0.0	72846.0
1238	1238	39.0	1275.jpg	0.0	101.0	269.0	3.42446043165	0.0	66164.0
1277	1277	48.0	101.jpg	0.0	189.0	329.0	1.8722741433	2.0	192921.0
573	573	50.0	215.jpg	0.0	182.0	339.0	2.18835616438	1.0	186588.0
280	280	47.0	315.jpg	0.0	188.0	331.0	2.13531353135	2.0	196041.0
565	565	48.0	898.jpg	0.0	198.0	315.0	1.80555555556	2.0	189540.0
83	83	50.0	899.jpg	0.0	206.0	321.0	1.74311926606	1.0	186390.0
1287	1287	66.0	920.jpg	0.0	184.0	334.0	2.13541666667	0.0	177120.0
1272	1272	52.0	1101.jpg	0.0	208.0	348.0	1.99032258065	0.0	191270.0
1173	1173	45.0	1123.jpg	0.0	190.0	336.0	2.23448275862	2.0	187920.0
1047	1047	43.0	1236.jpg	0.0	197.0	305.0	1.72424242424	1.0	187770.0
981	981	70.0	1292.jpg	0.0	202.0	326.0	1.8785046729	2.0	193563.0
697	697	10.0	344.jpg	5.0	417.0	476.0	0.965168539326	3.0	764510.0
1093	1093	15.0	445.jpg	4.0	460.0	493.0	0.915145005371	3.0	793212.0
794	794	14.0	490.jpg	6.0	439.0	394.0	0.772082878953	2.0	649236.0
789	789	10.0	564.jpg	4.0	443.0	456.0	0.914136125654	2.0	833715.0
1256	1256	9.0	767.jpg	4.0	502.0	460.0	0.892323030907	2.0	897685.0
540	540	11.0	779.jpg	5.0	483.0	391.0	0.729758149317	2.0	659994.0
700	700	10.0	824.jpg	5.0	400.0	507.0	1.14804845222	2.0	633779.0
1566	1566	12.0	938.jpg	4.0	365.0	321.0	0.715572715573	4.0	432012.0
623	623	12.0	1281.jpg	5.0	462.0	442.0	0.861024033438	4.0	788568.0
904	904	14.0	1419.jpg	5.0	388.0	513.0	1.33620689655	3.0	647280.0
468	468	37.0	82.jpg	0.0	175.0	287.0	1.90816326531	0.0	164934.0
324	324	46.0	654.jpg	0.0	176.0	290.0	1.85148514851	2.0	169983.0
1374	1374	33.0	682.jpg	0.0	159.0	266.0	1.94736842105	0.0	137788.0
1580	1580	34.0	785.jpg	0.0	186.0	294.0	1.88851351351	1.0	165464.0
575	575	39.0	871.jpg	0.0	170.0	329.0	2.18531468531	1.0	178750.0
1451	1451	35.0	1166.jpg	0.0	172.0	287.0	2.01038062284	2.0	167909.0
1077	1077	36.0	1225.jpg	0.0	168.0	323.0	2.33333333333	3.0	173901.0
813	813	41.0	1327.jpg	0.0	169.0	291.0	2.05072463768	0.0	156216.0
1295	1295	37.0	1480.jpg	0.0	208.0	293.0	1.73043478261	0.0	205965.0
409	409	35.0	1516.jpg	0.0	199.0	306.0	1.88529411765	3.0	217940.0
99	99	30.0	3.jpg	0.0	398.0	235.0	0.611821086262	4.0	239758.0
1175	1175	28.0	66.jpg	0.0	352.0	210.0	0.629948364888	5.0	212646.0
550	550	31.0	275.jpg	0.0	394.0	223.0	0.579617834395	4.0	228592.0
690	690	29.0	628.jpg	0.0	358.0	188.0	0.541195476575	3.0	207365.0
571	571	30.0	801.jpg	0.0	366.0	202.0	0.604838709677	6.0	232500.0
388	388	34.0	1081.jpg	0.0	356.0	197.0	0.571661237785	6.0	215514.0
503	503	30.0	1130.jpg	0.0	388.0	205.0	0.550925925926	5.0	231336.0
943	943	42.0	1171.jpg	0.0	332.0	193.0	0.631118881119	4.0	206492.0
772	772	29.0	1366.jpg	0.0	372.0	180.0	0.511075949367	1.0	204136.0
364	364	38.0	1436.jpg	0.0	323.0	192.0	0.617132867133	6.0	201916.0
591	591	43.0	35.jpg	0.0	131.0	252.0	2.2315270936	0.0	91959.0
1203	1203	43.0	267.jpg	0.0	116.0	240.0	2.38068181818	0.0	73744.0
857	857	40.0	539.jpg	0.0	108.0	236.0	2.53048780488	0.0	68060.0
622	622	40.0	618.jpg	0.0	122.0	290.0	2.63212435233	0.0	98044.0
726	726	37.0	733.jpg	0.0	121.0	256.0	2.55056179775	0.0	80812.0
842	842	37.0	777.jpg	0.0	105.0	268.0	3.29054054054	0.0	72076.0
621	621	45.0	803.jpg	0.0	113.0	276.0	2.85393258427	0.0	90424.0
1229	1229	37.0	1006.jpg	0.0	114.0	259.0	2.80357142857	0.0	79128.0
36	36	33.0	1294.jpg	0.0	95.0	234.0	3.18320610687	0.0	54627.0
1267	1267	40.0	1348.jpg	0.0	114.0	231.0	2.49112426036	0.0	71149.0
1052	1052	49.0	263.jpg	0.0	501.0	198.0	0.358469945355	0.0	300120.0
826	826	58.0	307.jpg	0.0	492.0	190.0	0.351111111111	0.0	284400.0
831	831	44.0	435.jpg	0.0	469.0	176.0	0.328874024526	0.0	264615.0
320	320	58.0	497.jpg	0.0	511.0	203.0	0.384787472036	0.0	307536.0
1575	1575	54.0	812.jpg	0.0	489.0	178.0	0.320652173913	0.0	271400.0
609	609	55.0	979.jpg	0.0	557.0	201.0	0.334302325581	0.0	356040.0
589	589	59.0	1194.jpg	0.0	560.0	211.0	0.363545816733	0.0	366460.0
199	199	50.0	1282.jpg	0.0	503.0	189.0	0.354051054384	0.0	287419.0
1445	1445	54.0	1365.jpg	0.0	516.0	222.0	0.366502463054	1.0	377580.0
218	218	72.0	1380.jpg	0.0	530.0	218.0	0.4	0.0	380250.0
1188	1188	39.0	664.jpg	0.0	314.0	154.0	0.455223880597	0.0	130784.0
902	902	33.0	851.jpg	0.0	349.0	178.0	0.488410596026	4.0	178180.0
1209	1209	35.0	879.jpg	0.0	340.0	143.0	0.368421052632	1.0	127813.0
65	65	48.0	918.jpg	0.0	429.0	182.0	0.404438964242	4.0	266008.0
523	523	48.0	1100.jpg	0.0	310.0	184.0	0.514234875445	3.0	162418.0
194	194	45.0	1244.jpg	0.0	346.0	141.0	0.394603709949	0.0	138762.0
1542	1542	44.0	1253.jpg	0.0	324.0	151.0	0.424295774648	2.0	136888.0
396	396	35.0	1329.jpg	0.0	341.0	148.0	0.418439716312	1.0	133104.0
262	262	40.0	1339.jpg	0.0	322.0	141.0	0.426258992806	1.0	131772.0
784	784	39.0	1353.jpg	0.0	284.0	136.0	0.418556701031	0.0	98455.0
327	327	32.0	67.jpg	0.0	435.0	173.0	0.341968911917	4.0	203808.0
1301	1301	32.0	202.jpg	0.0	432.0	185.0	0.384210526316	4.0	221920.0
862	862	23.0	349.jpg	0.0	494.0	207.0	0.37900128041	5.0	231176.0
1066	1066	33.0	487.jpg	0.0	392.0	183.0	0.43005952381	1.0	194208.0
521	521	35.0	852.jpg	0.0	409.0	203.0	0.449358059914	7.0	220815.0
196	196	34.0	944.jpg	0.0	438.0	182.0	0.362134688691	3.0	224295.0
1365	1365	25.0	989.jpg	0.0	448.0	182.0	0.392612859097	2.0	209797.0
259	259	33.0	1168.jpg	0.0	430.0	208.0	0.405080213904	3.0	226644.0
239	239	29.0	1454.jpg	0.0	430.0	207.0	0.408847184987	4.0	227530.0
1552	1552	28.0	1529.jpg	0.0	471.0	211.0	0.354192740926	6.0	226117.0
529	529	24.0	485.jpg	1.0	703.0	309.0	0.331187410587	3.0	647274.0
1177	1177	37.0	693.jpg	2.0	725.0	271.0	0.419535628503	1.0	654476.0
999	999	46.0	724.jpg	0.0	646.0	286.0	0.397893030794	3.0	605894.0
164	164	53.0	730.jpg	0.0	547.0	221.0	0.410334346505	2.0	399735.0
1406	1406	39.0	753.jpg	1.0	632.0	211.0	0.364554637282	1.0	432333.0
1348	1348	42.0	1180.jpg	2.0	500.0	247.0	0.476872246696	1.0	393164.0
174	174	46.0	1388.jpg	1.0	535.0	216.0	0.432712215321	2.0	403788.0
5	5	40.0	1459.jpg	0.0	624.0	288.0	0.47470101196	3.0	560892.0
737	737	38.0	1559.jpg	1.0	620.0	211.0	0.335209003215	2.0	518748.0
816	816	33.0	1571.jpg	1.0	443.0	196.0	0.380638063806	2.0	314514.0
1156	1156	6.0	130.jpg	3.0	389.0	411.0	0.987586206897	2.0	519100.0
1563	1563	9.0	262.jpg	5.0	464.0	500.0	0.889150943396	2.0	639392.0
1499	1499	11.0	329.jpg	4.0	467.0	563.0	0.989988876529	3.0	800110.0
500	500	8.0	354.jpg	5.0	515.0	560.0	0.896480331263	2.0	836556.0
88	88	9.0	417.jpg	3.0	423.0	493.0	0.932853717026	2.0	648852.0
426	426	10.0	802.jpg	3.0	426.0	452.0	0.899234693878	3.0	552720.0
488	488	8.0	1024.jpg	3.0	408.0	465.0	0.995973154362	4.0	552790.0
524	524	8.0	1093.jpg	3.0	408.0	451.0	0.923566878981	3.0	569125.0
332	332	8.0	1262.jpg	3.0	346.0	394.0	0.986627043091	3.0	446872.0
116	116	11.0	1446.jpg	3.0	471.0	531.0	0.844680851064	2.0	746360.0
220	220	44.0	127.jpg	0.0	487.0	145.0	0.237770193402	0.0	183711.0
287	287	51.0	132.jpg	0.0	511.0	138.0	0.237306843267	0.0	194790.0
170	170	46.0	796.jpg	0.0	533.0	138.0	0.232936078007	0.0	198445.0
358	358	50.0	1098.jpg	0.0	476.0	141.0	0.248554913295	0.0	185975.0
225	225	53.0	1113.jpg	0.0	502.0	130.0	0.216304347826	0.0	183080.0
1103	1103	51.0	1144.jpg	0.0	510.0	126.0	0.220173535792	0.0	187166.0
1399	1399	53.0	1268.jpg	0.0	503.0	148.0	0.23640399556	0.0	191913.0
251	251	48.0	1469.jpg	0.0	476.0	150.0	0.244094488189	0.0	192913.0
172	172	51.0	1475.jpg	0.0	510.0	129.0	0.21359223301	0.0	183546.0
1351	1351	51.0	1572.jpg	0.0	539.0	140.0	0.223974763407	0.0	202563.0
1179	1179	53.0	40.jpg	0.0	138.0	271.0	2.33333333333	0.0	102900.0
1043	1043	49.0	43.jpg	0.0	133.0	284.0	2.53333333333	0.0	111720.0
436	436	48.0	543.jpg	0.0	125.0	267.0	2.57291666667	0.0	94848.0
321	321	41.0	545.jpg	0.0	122.0	263.0	2.49473684211	0.0	90060.0
110	110	58.0	875.jpg	0.0	133.0	259.0	2.22380952381	0.0	98070.0
379	379	57.0	911.jpg	0.0	139.0	280.0	2.38666666667	0.0	120825.0
944	944	56.0	975.jpg	0.0	132.0	267.0	2.4068627451	0.0	100164.0
548	548	56.0	1326.jpg	0.0	112.0	254.0	2.62068965517	0.0	79344.0
203	203	52.0	1491.jpg	0.0	134.0	281.0	2.50943396226	0.0	112784.0
494	494	58.0	1494.jpg	0.0	143.0	266.0	2.20454545455	0.0	106700.0
1382	1382	30.0	20.jpg	0.0	358.0	172.0	0.442196531792	0.0	211752.0
363	363	30.0	247.jpg	0.0	335.0	196.0	0.531881804044	0.0	219906.0
715	715	25.0	433.jpg	0.0	338.0	202.0	0.572131147541	0.0	212890.0
1567	1567	33.0	451.jpg	0.0	374.0	185.0	0.475757575758	0.0	207240.0
1271	1271	20.0	657.jpg	0.0	331.0	196.0	0.572815533981	0.0	218772.0
1495	1495	30.0	726.jpg	0.0	329.0	192.0	0.564227642276	0.0	213405.0
1157	1157	26.0	860.jpg	0.0	370.0	203.0	0.511210762332	1.0	228798.0
449	449	20.0	862.jpg	0.0	341.0	196.0	0.535384615385	1.0	226200.0
773	773	24.0	1090.jpg	0.0	358.0	197.0	0.494134897361	0.0	229834.0
992	992	28.0	1231.jpg	0.0	326.0	178.0	0.510236220472	1.0	205740.0
26	26	20.0	29.jpg	0.0	178.0	251.0	1.65993265993	8.0	146421.0
45	45	23.0	245.jpg	0.0	190.0	238.0	1.5251572327	9.0	154230.0
115	115	20.0	303.jpg	0.0	199.0	255.0	1.47321428571	9.0	166320.0
480	480	30.0	521.jpg	0.0	167.0	273.0	1.79094076655	10.0	147518.0
606	606	27.0	808.jpg	0.0	169.0	226.0	1.60299625468	7.0	114276.0
519	519	30.0	885.jpg	0.0	176.0	265.0	1.66343042071	8.0	158826.0
1075	1075	22.0	1276.jpg	0.0	172.0	257.0	1.58095238095	10.0	156870.0
148	148	22.0	1299.jpg	0.0	140.0	237.0	1.93506493506	7.0	103257.0
517	517	24.0	1305.jpg	0.0	191.0	242.0	1.54248366013	8.0	144432.0
387	387	22.0	1563.jpg	0.0	179.0	237.0	1.56551724138	7.0	131660.0
1325	1325	30.0	72.jpg	7.0	553.0	369.0	0.695287958115	3.0	634120.0
1426	1426	34.0	194.jpg	5.0	583.0	296.0	0.5009765625	4.0	525312.0
446	446	26.0	298.jpg	5.0	533.0	282.0	0.538461538462	4.0	433251.0
40	40	20.0	333.jpg	5.0	584.0	298.0	0.538382804504	6.0	513902.0
827	827	31.0	460.jpg	6.0	525.0	294.0	0.584401709402	2.0	511992.0
289	289	31.0	912.jpg	6.0	579.0	324.0	0.575817641229	3.0	586229.0
1446	1446	24.0	916.jpg	5.0	466.0	285.0	0.660561660562	3.0	443079.0
397	397	40.0	1089.jpg	5.0	427.0	297.0	0.670076726343	4.0	409768.0
350	350	23.0	1170.jpg	7.0	563.0	372.0	0.642566191446	1.0	619642.0
217	217	29.0	1523.jpg	4.0	447.0	269.0	0.61147327249	4.0	359723.0
129	129	61.0	375.jpg	0.0	472.0	183.0	0.327702702703	1.0	258408.0
1160	1160	61.0	481.jpg	0.0	663.0	188.0	0.270138323841	1.0	408028.0
1060	1060	58.0	876.jpg	0.0	508.0	164.0	0.283080260304	0.0	240642.0
1502	1502	70.0	1120.jpg	0.0	614.0	207.0	0.303003533569	1.0	388276.0
745	745	45.0	1163.jpg	0.0	450.0	163.0	0.344701583435	0.0	232343.0
1302	1302	48.0	1323.jpg	0.0	531.0	176.0	0.283433133733	1.0	284568.0
1457	1457	36.0	1337.jpg	0.0	552.0	230.0	0.358665430955	1.0	417573.0
1264	1264	50.0	1399.jpg	0.0	545.0	192.0	0.32427184466	0.0	344020.0
937	937	49.0	1403.jpg	0.0	599.0	184.0	0.285454545455	1.0	345400.0
424	424	51.0	1552.jpg	0.0	540.0	195.0	0.343189017951	1.0	307775.0
55	55	12.0	11.jpg	7.0	464.0	404.0	0.810538116592	3.0	644916.0
1080	1080	14.0	356.jpg	7.0	549.0	468.0	0.817049808429	3.0	890532.0
1206	1206	15.0	383.jpg	7.0	465.0	352.0	0.685959271168	3.0	597120.0
1415	1415	12.0	389.jpg	7.0	691.0	482.0	0.71860816944	3.0	1255900.0
958	958	9.0	420.jpg	5.0	431.0	327.0	0.692028985507	2.0	474444.0
37	37	13.0	593.jpg	6.0	627.0	487.0	0.767857142857	3.0	1061928.0
662	662	8.0	978.jpg	5.0	488.0	349.0	0.727678571429	2.0	584192.0
1164	1164	12.0	1128.jpg	6.0	455.0	365.0	0.780742459397	4.0	580126.0
368	368	8.0	1432.jpg	5.0	512.0	439.0	0.752466367713	2.0	935485.0
1042	1042	10.0	1582.jpg	6.0	584.0	453.0	0.697368421053	3.0	906300.0
567	567	27.0	108.jpg	0.0	235.0	303.0	1.38043478261	1.0	186944.0
1372	1372	25.0	171.jpg	0.0	227.0	290.0	1.22739018088	0.0	183825.0
438	438	32.0	482.jpg	0.0	236.0	286.0	1.11868686869	1.0	175428.0
0	0	43.0	547.jpg	0.0	248.0	288.0	1.2109375	1.0	178560.0
1016	1016	29.0	603.jpg	0.0	242.0	300.0	1.25198938992	0.0	177944.0
561	561	35.0	951.jpg	0.0	233.0	282.0	1.21173469388	4.0	186200.0
682	682	31.0	1010.jpg	0.0	234.0	303.0	1.29100529101	1.0	184464.0
552	552	44.0	1222.jpg	0.0	236.0	295.0	1.25537634409	0.0	173724.0
613	613	31.0	1359.jpg	0.0	231.0	288.0	1.23333333333	2.0	187590.0
1378	1378	24.0	1402.jpg	0.0	228.0	305.0	1.33597883598	4.0	190890.0
179	179	11.0	355.jpg	5.0	445.0	382.0	0.836686390533	4.0	597415.0
959	959	13.0	377.jpg	7.0	389.0	483.0	1.13598901099	2.0	602056.0
250	250	12.0	446.jpg	7.0	572.0	511.0	0.851528384279	4.0	1116375.0
1579	1579	12.0	468.jpg	5.0	454.0	354.0	0.756986634265	5.0	512729.0
525	525	12.0	563.jpg	6.0	465.0	422.0	0.874722838137	4.0	711678.0
429	429	11.0	900.jpg	6.0	499.0	357.0	0.692060085837	4.0	601140.0
349	349	12.0	1379.jpg	5.0	551.0	474.0	0.815398886827	4.0	947562.0
498	498	12.0	1423.jpg	5.0	373.0	340.0	0.808391608392	4.0	413270.0
1336	1336	11.0	1476.jpg	4.0	410.0	472.0	1.28032345013	5.0	704900.0
183	183	13.0	1531.jpg	5.0	496.0	425.0	0.856347438753	6.0	690562.0
1447	1447	36.0	83.jpg	0.0	92.0	171.0	2.12977099237	0.0	36549.0
749	749	37.0	92.jpg	0.0	110.0	184.0	2.16666666667	0.0	52728.0
909	909	30.0	246.jpg	0.0	104.0	175.0	2.07092198582	1.0	41172.0
936	936	29.0	321.jpg	0.0	102.0	179.0	2.19444444444	0.0	45504.0
1530	1530	42.0	813.jpg	0.0	118.0	198.0	1.96571428571	0.0	60200.0
553	553	39.0	822.jpg	0.0	126.0	214.0	2.04102564103	1.0	77610.0
1380	1380	38.0	1065.jpg	0.0	114.0	202.0	2.18518518519	0.0	57348.0
964	964	43.0	1278.jpg	0.0	103.0	170.0	2.01315789474	0.0	46512.0
50	50	34.0	1549.jpg	0.0	97.0	161.0	2.02919708029	0.0	38086.0
617	617	37.0	1569.jpg	0.0	115.0	188.0	1.92261904762	0.0	54264.0
977	977	12.0	109.jpg	5.0	502.0	345.0	0.698492462312	3.0	691525.0
580	580	11.0	438.jpg	4.0	522.0	327.0	0.668336673347	4.0	665666.0
455	455	13.0	680.jpg	5.0	486.0	373.0	0.748394004283	2.0	652866.0
1333	1333	14.0	823.jpg	2.0	461.0	304.0	0.656839622642	4.0	472336.0
19	19	15.0	858.jpg	5.0	511.0	333.0	0.66703539823	4.0	545112.0
1034	1034	12.0	870.jpg	4.0	525.0	342.0	0.630676084763	3.0	619375.0
344	344	10.0	936.jpg	5.0	505.0	362.0	0.725308641975	2.0	685260.0
626	626	10.0	1341.jpg	4.0	513.0	325.0	0.641988950276	5.0	525805.0
242	242	10.0	1500.jpg	4.0	585.0	358.0	0.643274853801	3.0	677160.0
1296	1296	15.0	1555.jpg	5.0	422.0	332.0	0.765700483092	3.0	524952.0
1138	1138	31.0	31.jpg	0.0	201.0	372.0	1.98761609907	0.0	207366.0
48	48	34.0	84.jpg	0.0	193.0	378.0	2.17607973422	0.0	197155.0
1259	1259	39.0	259.jpg	0.0	189.0	390.0	2.23154362416	0.0	198170.0
993	993	29.0	319.jpg	0.0	214.0	354.0	1.76080691643	0.0	212017.0
1523	1523	31.0	444.jpg	0.0	204.0	362.0	1.95046439628	0.0	203490.0
1562	1562	30.0	491.jpg	0.0	187.0	349.0	1.92834890966	1.0	198699.0
807	807	32.0	784.jpg	0.0	204.0	351.0	1.92424242424	0.0	209550.0
84	84	34.0	919.jpg	0.0	191.0	405.0	2.2119205298	0.0	201736.0
1427	1427	32.0	1016.jpg	0.0	209.0	403.0	2.02461538462	0.0	213850.0
313	313	33.0	1156.jpg	0.0	210.0	386.0	1.8651026393	1.0	216876.0
229	229	27.0	6.jpg	0.0	390.0	169.0	0.399723374827	1.0	208947.0
136	136	24.0	32.jpg	0.0	412.0	160.0	0.335500650195	0.0	198402.0
1431	1431	26.0	64.jpg	0.0	401.0	152.0	0.35046113307	0.0	201894.0
877	877	23.0	120.jpg	0.0	365.0	171.0	0.434720229555	0.0	211191.0
872	872	30.0	190.jpg	0.0	394.0	168.0	0.36546184739	0.0	203931.0
215	215	23.0	278.jpg	0.0	383.0	150.0	0.362416107383	0.0	201150.0
800	800	23.0	327.jpg	0.0	356.0	165.0	0.423295454545	0.0	209792.0
748	748	24.0	692.jpg	0.0	386.0	164.0	0.394736842105	0.0	205770.0
232	232	22.0	866.jpg	0.0	435.0	164.0	0.358344113842	0.0	214121.0
1176	1176	26.0	961.jpg	0.0	403.0	153.0	0.378561736771	0.0	205623.0
566	566	30.0	323.jpg	5.0	300.0	260.0	0.700906344411	5.0	307168.0
1361	1361	28.0	695.jpg	1.0	292.0	204.0	0.547967479675	10.0	207255.0
378	378	30.0	776.jpg	2.0	300.0	219.0	0.616129032258	10.0	236840.0
881	881	30.0	850.jpg	2.0	290.0	219.0	0.614864864865	8.0	215488.0
383	383	34.0	995.jpg	3.0	298.0	205.0	0.568852459016	7.0	211670.0
774	774	31.0	1187.jpg	3.0	320.0	208.0	0.562121212121	7.0	244860.0
273	273	22.0	1210.jpg	1.0	311.0	218.0	0.581081081081	7.0	257742.0
72	72	28.0	1441.jpg	3.0	312.0	214.0	0.547256097561	7.0	235504.0
371	371	29.0	1541.jpg	2.0	324.0	219.0	0.611782477341	9.0	268110.0
1018	1018	26.0	1557.jpg	0.0	336.0	208.0	0.626151012891	10.0	184620.0
778	778	26.0	345.jpg	0.0	314.0	135.0	0.390740740741	0.0	113940.0
1354	1354	25.0	350.jpg	0.0	295.0	130.0	0.380281690141	1.0	93933.0
243	243	22.0	514.jpg	0.0	340.0	140.0	0.369205298013	2.0	134692.0
281	281	25.0	524.jpg	0.0	414.0	188.0	0.402328589909	10.0	240403.0
893	893	29.0	631.jpg	0.0	337.0	143.0	0.388698630137	1.0	132568.0
466	466	26.0	828.jpg	0.0	311.0	149.0	0.415492957746	2.0	134048.0
393	393	18.0	1375.jpg	0.0	312.0	145.0	0.381294964029	3.0	117872.0
1345	1345	24.0	1515.jpg	1.0	304.0	151.0	0.436131386861	1.0	130972.0
586	586	23.0	1548.jpg	0.0	330.0	129.0	0.356302521008	3.0	126140.0
188	188	36.0	1568.jpg	0.0	461.0	169.0	0.355371900826	3.0	254947.0
812	812	35.0	225.jpg	0.0	419.0	161.0	0.358845671267	6.0	227942.0
549	549	35.0	280.jpg	0.0	412.0	179.0	0.459154929577	5.0	231460.0
932	932	27.0	306.jpg	0.0	442.0	160.0	0.359073359073	0.0	216783.0
1293	1293	30.0	379.jpg	0.0	492.0	174.0	0.331346841478	0.0	233242.0
361	361	35.0	917.jpg	0.0	397.0	176.0	0.431400282885	3.0	215635.0
355	355	40.0	934.jpg	0.0	408.0	153.0	0.388362652233	5.0	212093.0
970	970	40.0	1148.jpg	0.0	403.0	177.0	0.441134751773	2.0	219255.0
791	791	32.0	1317.jpg	0.0	450.0	169.0	0.383116883117	2.0	227150.0
650	650	28.0	1356.jpg	0.0	423.0	170.0	0.385752688172	4.0	213528.0
302	302	33.0	1492.jpg	0.0	415.0	186.0	0.411214953271	4.0	230692.0
1231	1231	40.0	54.jpg	0.0	402.0	128.0	0.295454545455	0.0	146432.0
100	100	52.0	103.jpg	0.0	393.0	139.0	0.29469273743	0.0	151076.0
1244	1244	54.0	700.jpg	0.0	351.0	118.0	0.29421221865	0.0	113826.0
1508	1508	52.0	710.jpg	0.0	327.0	120.0	0.318584070796	0.0	101700.0
270	270	41.0	778.jpg	0.0	422.0	132.0	0.279894875164	0.0	162093.0
840	840	51.0	907.jpg	0.0	389.0	121.0	0.274678111588	0.0	134208.0
1505	1505	54.0	927.jpg	0.0	402.0	128.0	0.274215552524	0.0	147333.0
117	117	58.0	1046.jpg	0.0	399.0	153.0	0.341772151899	0.0	172773.0
307	307	54.0	1352.jpg	0.0	400.0	143.0	0.334757834758	0.0	164970.0
596	596	54.0	1561.jpg	0.0	430.0	157.0	0.316831683168	0.0	206848.0
370	370	37.0	15.jpg	0.0	524.0	133.0	0.200966183575	1.0	215280.0
973	973	22.0	620.jpg	0.0	524.0	149.0	0.195989061076	2.0	235855.0
599	599	32.0	704.jpg	0.0	505.0	149.0	0.25250501002	0.0	251496.0
457	457	31.0	847.jpg	0.0	548.0	132.0	0.216438356164	1.0	259515.0
629	629	25.0	976.jpg	0.0	525.0	143.0	0.224299065421	1.0	256800.0
994	994	31.0	1025.jpg	0.0	520.0	131.0	0.199621570482	1.0	223027.0
175	175	25.0	1073.jpg	0.0	506.0	131.0	0.224975222993	0.0	229043.0
916	916	28.0	1077.jpg	0.0	538.0	118.0	0.175531914894	1.0	223344.0
1418	1418	30.0	1472.jpg	0.0	557.0	145.0	0.201577563541	0.0	262430.0
1454	1454	39.0	1543.jpg	0.0	508.0	175.0	0.248359887535	1.0	282755.0
1002	1002	41.0	522.jpg	0.0	318.0	110.0	0.338374291115	0.0	94691.0
1201	1201	47.0	669.jpg	0.0	309.0	134.0	0.419475655431	0.0	119616.0
236	236	46.0	681.jpg	0.0	301.0	114.0	0.320224719101	0.0	91314.0
1478	1478	52.0	1042.jpg	0.0	317.0	126.0	0.317157712305	0.0	105591.0
119	119	49.0	1121.jpg	0.0	331.0	127.0	0.317355371901	0.0	116160.0
1211	1211	50.0	1201.jpg	0.0	332.0	139.0	0.377816291161	0.0	125786.0
1316	1316	36.0	1221.jpg	0.0	278.0	101.0	0.332627118644	0.0	74104.0
819	819	57.0	1442.jpg	0.0	291.0	110.0	0.325490196078	0.0	84660.0
641	641	48.0	1509.jpg	0.0	319.0	117.0	0.328014184397	0.0	104340.0
743	743	45.0	1532.jpg	0.0	322.0	123.0	0.351398601399	0.0	114972.0
1168	1168	42.0	676.jpg	0.0	214.0	283.0	1.34139784946	0.0	185628.0
142	142	45.0	714.jpg	0.0	216.0	293.0	1.31818181818	0.0	184382.0
1230	1230	46.0	741.jpg	0.0	211.0	290.0	1.59077809798	0.0	191544.0
369	369	37.0	798.jpg	0.0	228.0	278.0	1.41711229947	2.0	198220.0
482	482	40.0	867.jpg	0.0	194.0	306.0	1.70414201183	0.0	194688.0
299	299	44.0	1160.jpg	0.0	208.0	291.0	1.50828729282	1.0	197652.0
95	95	39.0	1176.jpg	0.0	212.0	297.0	1.56657223796	1.0	195209.0
718	718	33.0	1200.jpg	0.0	203.0	301.0	1.76737160121	1.0	193635.0
527	527	38.0	1269.jpg	0.0	218.0	270.0	1.38873994638	1.0	193214.0
212	212	38.0	1395.jpg	0.0	211.0	303.0	1.62068965517	0.0	196272.0
437	437	32.0	107.jpg	0.0	304.0	382.0	1.12589928058	4.0	348056.0
984	984	32.0	386.jpg	0.0	334.0	378.0	1.04625199362	4.0	411312.0
1310	1310	38.0	409.jpg	0.0	351.0	403.0	1.07088989442	2.0	470730.0
476	476	38.0	418.jpg	0.0	368.0	443.0	1.10810810811	3.0	547637.0
1048	1048	36.0	685.jpg	0.0	360.0	414.0	1.04208998549	4.0	494702.0
408	408	36.0	959.jpg	0.0	322.0	351.0	1.0415282392	3.0	377454.0
815	815	35.0	1062.jpg	0.0	306.0	347.0	1.01391304348	4.0	335225.0
241	241	41.0	1174.jpg	0.0	360.0	423.0	1.08295625943	4.0	476034.0
405	405	38.0	1482.jpg	0.0	336.0	383.0	1.09523809524	4.0	406203.0
144	144	32.0	1524.jpg	0.0	323.0	381.0	1.05288461538	3.0	409968.0
701	701	38.0	183.jpg	0.0	311.0	263.0	0.769841269841	4.0	305550.0
793	793	40.0	239.jpg	0.0	323.0	308.0	0.808695652174	4.0	385020.0
153	153	36.0	416.jpg	0.0	303.0	267.0	0.779179810726	4.0	313196.0
394	394	37.0	466.jpg	0.0	364.0	372.0	0.838587641866	4.0	527345.0
760	760	44.0	598.jpg	0.0	394.0	389.0	0.868171021378	4.0	615502.0
1084	1084	48.0	637.jpg	0.0	321.0	274.0	0.726872246696	3.0	337095.0
660	660	37.0	1030.jpg	0.0	298.0	276.0	0.835236541599	3.0	313856.0
1260	1260	44.0	1040.jpg	0.0	338.0	339.0	0.836956521739	3.0	453376.0
10	10	37.0	1152.jpg	0.0	301.0	283.0	0.806763285024	3.0	311121.0
1281	1281	39.0	1249.jpg	0.0	356.0	326.0	0.800546448087	4.0	428952.0
357	357	44.0	5.jpg	0.0	231.0	231.0	0.909691629956	3.0	187502.0
880	880	41.0	50.jpg	0.0	226.0	219.0	0.872294372294	4.0	186186.0
1249	1249	36.0	211.jpg	0.0	236.0	224.0	0.842975206612	3.0	197472.0
1429	1429	37.0	459.jpg	0.0	228.0	217.0	0.865217391304	2.0	183080.0
806	806	40.0	649.jpg	0.0	222.0	229.0	0.915742793792	3.0	186263.0
51	51	38.0	942.jpg	0.0	248.0	223.0	0.814285714286	3.0	195510.0
420	420	39.0	1059.jpg	0.0	234.0	212.0	0.801255230126	3.0	183074.0
1491	1491	36.0	1301.jpg	0.0	252.0	220.0	0.746588693957	2.0	196479.0
35	35	35.0	1335.jpg	0.0	251.0	216.0	0.784431137725	3.0	196893.0
485	485	38.0	1544.jpg	0.0	228.0	230.0	0.894967177243	3.0	186913.0
917	917	46.0	436.jpg	0.0	427.0	250.0	0.519058295964	3.0	412996.0
1486	1486	42.0	636.jpg	0.0	469.0	240.0	0.464743589744	2.0	407160.0
141	141	46.0	756.jpg	0.0	367.0	217.0	0.51289009498	2.0	278586.0
1274	1274	40.0	793.jpg	0.0	472.0	262.0	0.495943204868	2.0	482154.0
1558	1558	41.0	855.jpg	0.0	442.0	206.0	0.42064372919	2.0	341479.0
888	888	46.0	1135.jpg	0.0	500.0	275.0	0.482552342971	3.0	485452.0
1141	1141	39.0	1238.jpg	0.0	432.0	251.0	0.487348734873	3.0	402687.0
1165	1165	47.0	1308.jpg	0.0	467.0	231.0	0.440122824974	2.0	420110.0
3	3	41.0	1381.jpg	0.0	392.0	249.0	0.526315789474	3.0	351310.0
1536	1536	39.0	1448.jpg	0.0	415.0	222.0	0.462340672074	2.0	344337.0
603	603	51.0	291.jpg	0.0	202.0	412.0	2.2	0.0	246895.0
1139	1139	54.0	528.jpg	0.0	158.0	309.0	2.1171875	0.0	138752.0
1286	1286	44.0	671.jpg	0.0	162.0	284.0	2.12145748988	0.0	129428.0
147	147	51.0	787.jpg	0.0	183.0	335.0	2.01923076923	0.0	196560.0
467	467	51.0	838.jpg	0.0	172.0	356.0	2.31046931408	0.0	177280.0
343	343	44.0	869.jpg	0.0	154.0	332.0	2.29133858268	0.0	147828.0
844	844	46.0	928.jpg	0.0	177.0	337.0	2.06779661017	2.0	179950.0
1576	1576	53.0	1211.jpg	0.0	188.0	374.0	2.02743902439	1.0	218120.0
637	637	48.0	1218.jpg	0.0	146.0	266.0	2.24537037037	0.0	104760.0
56	56	46.0	1240.jpg	0.0	173.0	379.0	2.22711864407	0.0	193815.0
375	375	62.0	152.jpg	0.0	296.0	186.0	0.555555555556	0.0	178605.0
434	434	67.0	556.jpg	0.0	335.0	185.0	0.536256323777	1.0	188574.0
1005	1005	67.0	661.jpg	0.0	334.0	173.0	0.506688963211	1.0	181194.0
1049	1049	61.0	1226.jpg	0.0	325.0	179.0	0.517826825127	2.0	179645.0
822	822	67.0	1300.jpg	0.0	334.0	168.0	0.486710963455	1.0	176386.0
925	925	67.0	1311.jpg	0.0	333.0	173.0	0.516722408027	2.0	184782.0
962	962	61.0	1420.jpg	0.0	334.0	175.0	0.512479201331	1.0	185108.0
1312	1312	63.0	1444.jpg	0.0	315.0	177.0	0.520066889632	2.0	185978.0
1207	1207	65.0	1474.jpg	0.0	302.0	184.0	0.525252525253	0.0	185328.0
508	508	71.0	1570.jpg	0.0	301.0	186.0	0.54295532646	1.0	183912.0
1529	1529	32.0	17.jpg	0.0	304.0	187.0	0.467473524962	1.0	204249.0
731	731	38.0	336.jpg	0.0	359.0	209.0	0.449481865285	2.0	267884.0
479	479	40.0	535.jpg	0.0	288.0	161.0	0.421052631579	0.0	165528.0
950	950	39.0	718.jpg	0.0	245.0	151.0	0.45101663586	1.0	132004.0
14	14	38.0	993.jpg	0.0	312.0	203.0	0.510233918129	1.0	238716.0
914	914	39.0	1136.jpg	0.0	274.0	144.0	0.386934673367	1.0	137907.0
895	895	44.0	1198.jpg	0.0	295.0	173.0	0.451816745656	1.0	181038.0
885	885	45.0	1265.jpg	0.0	345.0	188.0	0.405759162304	2.0	236840.0
628	628	29.0	1410.jpg	0.0	257.0	145.0	0.4114490161	1.0	128570.0
645	645	35.0	1443.jpg	0.0	275.0	158.0	0.42735042735	0.0	146250.0
